cpd,dose_1,dose_2,dose_3,dose_4,dose_5,dose_6,cpd_size
17-hydroxyprogesterone-caproate,0.292,0.208,0.079,0.01,0.04,0.01,3
2-iminobiotin,0.939,0.016,0.73,0.692,0.121,0.134,2
3-amino-benzamide,0.163,0.588,0.465,0.551,0.528,0.043,3
3-deazaadenosine,0.232,0.807,0.29,0.596,0.637,0.156,2
ABT-737,0.341,0.342,0.206,0.32,0.076,0.019,3
AICA-ribonucleotide,0.525,0.059,0.227,0.036,0.371,0.154,3
AKT-inhibitor-1-2,0.514,0.024,0.046,0.079,0.711,0.195,3
ALX-5407,0.111,0.13,0.041,0.41,0.448,0.113,3
AS-605240,0.99,0.227,0.978,0.984,0.03,0.148,2
AT-7519,0.02,0.567,0.07,0.0,0.0,0.0,3
AZ-628,0.092,0.016,0.053,0.211,0.063,0.006,3
AZD-5438,0.001,0.001,0.0,0.0,0.0,0.0,3
AZD-8330,0.0,0.0,0.0,0.0,0.0,0.0,3
BAY-K8644,0.535,0.22,0.131,0.31,0.096,0.007,3
BI-2536,0.0,0.0,0.0,0.0,0.0,0.0,3
BIBX-1382,0.133,0.025,0.076,0.015,0.003,0.007,3
BIIB021,0.006,0.0,0.0,0.0,0.0,0.0,3
BMS-299897,0.015,0.006,0.085,0.32,0.121,0.177,4
BMS-777607,0.061,0.226,0.049,0.191,0.056,0.017,3
BMY-14802,0.009,0.029,0.002,0.016,0.038,0.035,3
CGS-20625,0.012,0.568,0.011,0.019,0.04,0.008,3
CI-966,0.309,0.645,0.199,0.016,0.221,0.69,3
CI-976,0.796,0.144,0.031,0.103,0.258,0.454,2
CL-218872,0.23,0.243,0.204,0.196,0.158,0.131,3
CP-724714,0.367,0.07,0.945,0.054,0.005,0.043,3
CYT-997,0.247,0.0,0.0,0.0,0.0,0.0,3
CYT387,0.121,0.051,0.055,0.0,0.002,0.018,3
D-4476,0.129,0.058,0.756,0.041,0.005,0.021,3
DMP-543,0.191,0.129,0.497,0.057,0.599,0.142,3
ENMD-2076,0.129,0.198,0.191,0.002,0.0,0.0,3
EX-527,0.061,0.162,0.211,0.927,0.986,0.04,3
FK-888,0.077,0.984,0.475,0.457,0.457,0.009,3
FPL-55712,0.266,0.153,0.011,0.301,0.348,0.01,3
GSK-461364,0.053,0.005,0.115,0.001,0.102,0.007,3
IKK-2-inhibitor-V,0.847,0.285,0.061,0.0,0.0,0.0,2
JNJ-26854165,0.0,0.0,0.0,0.0,0.0,0.0,3
JNJ-38877605,0.851,0.24,0.791,0.243,0.001,0.055,4
JTC-801,0.621,0.667,0.39,0.042,0.071,0.0,2
JTE-907,0.27,0.968,0.508,0.269,0.081,0.004,3
L-690330,0.014,0.386,0.637,0.457,0.191,0.076,3
MDL-73005EF,0.965,0.188,0.364,0.049,0.013,0.019,3
MK-1775,0.009,0.673,0.004,0.0,0.001,0.0,3
MK-2206,0.014,0.318,0.101,0.003,0.0,0.01,3
MLN-2238,0.251,0.441,0.04,0.0,0.0,0.0,2
MLN-4924,0.003,0.001,0.0,0.0,0.0,0.0,3
MLN-8054,0.071,0.038,0.055,0.001,0.0,0.0,3
NF-449,0.131,0.085,0.135,0.133,0.994,0.893,3
NVP-BEZ235,0.102,0.728,0.654,0.0,0.0,0.0,3
PCA-4248,0.183,0.052,0.002,0.054,0.924,0.048,3
PD-0325901,0.001,0.0,0.0,0.003,0.0,0.0,2
PD-184352,0.239,0.158,0.001,0.0,0.0,0.0,3
PF-04217903,0.006,0.001,0.002,0.0,0.001,0.166,3
PF-562271,0.197,0.524,0.013,0.0,0.0,0.0,3
PHA-793887,0.055,0.001,0.0,0.0,0.0,0.0,3
PK-11195,0.157,0.472,0.2,0.822,0.37,0.111,3
PX-12,0.483,0.709,0.678,0.429,0.206,0.737,2
RHO-kinase-inhibitor-III[rockout],0.0,0.07,0.115,0.036,0.057,0.002,2
SCH-28080,0.38,0.262,0.437,0.016,0.562,0.374,3
SR-27897,0.147,0.031,0.024,0.152,0.005,0.191,3
SR-57227A,0.148,0.016,0.002,0.009,0.481,0.009,3
TAK-715,1.0,0.957,0.984,0.048,0.951,0.782,3
TG100-115,0.247,0.124,0.545,0.237,0.008,0.575,3
THM-I-94,0.095,0.006,0.0,0.0,0.0,0.0,3
TTNPB,0.009,0.26,0.034,0.016,0.259,0.42,3
XL-147,0.555,0.428,0.211,0.094,0.089,0.096,3
Y-26763,0.02,0.003,0.116,0.036,0.006,0.231,3
Y-27152,0.253,0.716,0.531,0.56,0.795,0.183,3
Y-27632,0.066,0.374,0.009,0.001,0.001,0.0,3
Y-39983,0.408,0.422,0.348,0.131,0.252,0.096,2
ZD-7288,0.154,0.03,0.624,0.564,0.195,0.054,3
ZK-93423,0.629,0.46,0.047,0.0,0.0,0.0,3
ZK-93426,0.594,0.382,0.954,0.829,0.061,0.009,3
abacavir,0.202,0.07,0.468,0.176,0.406,0.631,3
abiraterone-acetate,0.289,0.557,0.167,0.782,0.09,0.025,3
abt-202,0.511,0.031,0.672,0.213,0.874,0.022,3
abt-239,0.074,0.195,0.293,0.23,0.628,0.005,3
abt-724,0.297,0.231,0.298,0.214,0.26,0.26,3
acarbose,0.626,0.432,0.227,0.856,0.55,0.192,3
acebutolol,0.097,0.341,0.227,0.035,0.029,0.205,2
acecainide,0.268,0.5,0.081,0.119,0.061,0.257,3
acenocoumarol,0.084,0.009,0.018,0.009,0.055,0.139,3
acetazolamide,0.925,0.26,0.383,0.675,0.144,0.381,3
acetylcysteine,0.116,0.834,0.116,0.539,0.482,0.519,3
acexamic-acid,0.003,0.008,0.02,0.295,0.009,0.843,3
acifran,0.099,0.565,0.372,0.035,0.239,0.087,2
acipimox,0.985,0.029,0.613,0.025,0.316,0.99,3
acivicin,0.012,0.023,0.003,0.044,0.0,0.0,3
aclidinium,0.058,0.667,0.221,0.149,0.813,0.42,2
acrivastine,0.106,0.008,0.002,0.0,0.015,0.331,3
actarit,0.227,0.47,0.072,0.033,0.018,0.004,3
acy-1215,0.034,0.563,0.161,0.01,0.004,0.0,2
adapalene,0.23,0.332,0.033,0.021,0.005,0.0,3
adarotene,0.92,0.352,0.086,0.0,0.0,0.0,3
adatanserin,0.041,0.004,0.0,0.271,0.024,0.004,3
adenosine,0.344,0.262,0.078,0.144,0.109,0.167,3
adoprazine,0.063,0.867,0.967,0.049,0.53,0.152,3
afatinib,0.243,0.032,0.117,0.118,0.028,0.0,2
afloqualone,0.826,0.104,0.933,0.317,0.497,0.317,3
agi-5198,0.381,0.568,0.076,0.269,0.653,0.259,3
agi-6780,0.36,0.567,0.516,0.205,0.457,0.134,2
agomelatine,0.247,0.38,0.273,0.401,0.308,0.103,3
agp-103,0.216,0.029,0.117,0.313,0.127,0.271,3
alaproclate,0.103,0.068,0.002,0.035,0.015,0.194,3
albendazole,0.005,0.024,0.002,0.0,0.0,0.0,3
alectinib,0.038,0.017,0.011,0.156,0.0,0.001,3
alisertib,0.022,0.166,0.017,0.055,0.022,0.006,2
aliskiren,0.048,0.915,0.991,0.024,0.114,0.994,3
alizapride,0.026,0.799,0.051,0.262,0.08,0.38,3
allopurinol,0.116,0.363,0.058,0.721,0.135,0.111,3
almitrine,0.014,0.025,0.011,0.01,0.003,0.139,3
almorexant,0.646,0.001,0.133,0.546,0.531,0.989,3
altanserin,0.383,0.066,0.632,0.5,0.167,0.167,3
altrenogest,0.002,0.001,0.08,0.016,0.003,0.005,3
altretamine,0.042,0.279,0.05,0.036,0.216,0.111,3
alvespimycin,0.0,0.0,0.0,0.0,0.0,0.0,3
alvimopan,0.107,0.024,0.109,0.357,0.25,0.033,3
alvocidib,0.0,0.0,0.0,0.0,0.0,0.0,3
am-24,0.219,0.111,0.132,0.027,0.077,0.142,3
amantadine,0.358,0.162,0.794,0.049,0.155,0.017,3
ambrisentan,0.311,0.557,0.456,0.473,0.086,0.323,3
ambroxol,0.47,0.265,0.481,0.441,0.497,0.167,2
amd11070,0.098,0.286,0.275,0.344,0.184,0.023,3
amg-208,0.636,0.029,0.278,0.081,0.281,0.026,3
amg-232,0.428,0.608,0.011,0.0,0.0,0.0,3
amg-517,0.015,0.207,0.038,0.0,0.123,0.001,3
amikacin,0.049,0.024,0.206,0.007,0.126,0.048,3
amiloride,0.307,0.433,0.056,0.111,0.32,0.241,3
aminocaproic-acid,0.123,0.13,0.451,0.79,0.675,0.864,3
aminoglutethimide,0.207,0.009,0.49,0.623,0.094,0.004,3
aminoguanidine,0.154,0.568,0.336,0.586,0.014,0.217,3
aminolevulinic-acid,0.802,0.313,0.072,0.932,0.045,0.623,3
aminosalicylic-acid,0.183,0.231,0.818,0.233,0.994,0.008,3
amiodarone,0.084,0.034,0.543,0.052,0.018,0.01,3
amiprilose,0.131,0.199,0.111,0.358,0.125,0.067,3
amitifadine,0.614,0.5,0.053,0.074,0.992,0.528,3
amlexanox,0.064,0.091,0.315,0.037,0.668,0.094,3
amlodipine,0.019,0.004,0.038,0.008,0.056,0.008,3
ammonium-glycyrrhizinate,0.014,0.555,0.826,0.06,0.005,0.984,3
amonafide,0.174,0.643,0.443,0.075,0.0,0.0,3
amoxapine,0.315,0.545,0.302,0.389,0.766,0.226,4
ampalex,0.126,0.012,0.971,0.749,0.406,0.346,2
amrinone,0.415,0.143,0.203,0.127,0.094,0.114,3
amsacrine,0.0,0.0,0.0,0.0,0.0,0.0,3
amtolmetin-guacil,0.104,0.033,0.003,0.102,0.01,0.951,3
amuvatinib,0.411,0.254,0.298,0.117,0.029,0.0,2
anamorelin,0.019,0.021,0.268,0.872,0.384,0.37,4
anandamide,0.006,0.156,0.002,0.935,0.474,0.553,3
andrographolide,0.061,0.44,0.348,0.527,0.013,0.008,3
anecortave-acetate,0.859,0.265,0.246,0.468,0.007,0.437,2
anidulafungin,0.046,0.938,0.998,0.575,0.502,0.482,3
aniracetam,0.189,0.4,0.122,0.344,0.03,0.128,3
anisodamine,0.558,0.008,0.46,0.464,0.17,0.714,2
ap26113,0.796,0.431,0.018,0.062,0.014,0.0,2
apafant,0.046,0.2,0.008,0.016,0.046,0.008,3
apd668,0.701,0.124,0.04,0.282,0.001,0.015,3
aphidicolin,0.425,0.275,0.0,0.0,0.0,0.0,3
api-001,0.009,0.001,0.197,0.016,0.158,0.245,3
apixaban,0.046,0.016,0.002,0.155,0.013,0.098,3
apocynin,0.027,0.836,0.243,0.889,0.001,0.038,3
apremilast,0.491,0.549,0.375,0.262,0.086,0.019,3
aprepitant,0.147,0.275,0.288,0.73,0.907,0.185,3
arbutin,0.015,0.196,0.061,0.5,0.005,0.057,3
argatroban,0.124,0.171,0.806,0.021,0.026,0.017,3
arglabin,0.266,0.393,0.02,0.5,0.315,0.32,2
aripiprazole,0.65,0.672,0.148,0.01,0.013,0.0,3
arofylline,0.576,0.436,0.481,0.269,0.245,0.967,3
arry-334543,0.096,0.006,0.033,0.169,0.081,0.014,3
artesunate,0.091,0.045,0.111,0.031,0.001,0.0,3
asa-404,0.688,0.025,0.415,0.003,0.086,0.039,3
asc-j9,0.333,0.02,0.697,0.176,0.123,0.001,3
asenapine,0.83,0.658,0.634,0.319,0.623,0.78,3
aspirin,0.006,0.26,0.011,0.117,0.782,0.217,3
at13387,0.309,0.069,0.001,0.0,0.0,0.0,3
ataluren,0.608,0.392,0.336,0.521,0.296,0.159,2
atenolol,0.421,0.896,0.573,0.333,0.3,0.473,2
atipamezole,0.297,0.044,0.71,0.704,0.232,0.651,3
atn-161,0.006,0.047,0.806,0.326,0.08,0.536,3
atomoxetine,0.121,0.135,0.346,0.349,0.293,0.087,3
atorvastatin,0.006,0.005,0.227,0.172,0.836,0.009,3
atracurium,0.75,0.829,0.047,0.656,0.086,0.024,3
atrasentan,0.456,0.876,0.227,0.196,0.703,0.266,3
av-608,0.041,0.026,0.347,0.331,0.057,0.008,3
avagacestat,0.573,0.004,0.145,0.036,0.086,0.317,3
avanafil,0.117,0.21,0.46,0.205,0.507,0.122,2
avasimibe,0.006,0.967,0.124,0.035,0.0,0.0,3
avl-292,0.012,0.029,0.028,0.033,0.001,0.0,3
avn-944,0.311,0.78,0.051,0.0,0.0,0.0,3
azacitidine,0.049,0.005,0.017,0.0,0.0,0.0,2
azathioprine,0.102,0.448,0.067,0.999,0.206,0.01,3
azd1208,0.391,0.232,0.115,0.011,0.045,0.106,3
azd1480,0.121,0.344,0.001,0.232,0.57,0.103,3
azd1981,0.38,0.52,0.967,0.089,0.158,0.414,3
azd2014,0.201,0.02,0.0,0.0,0.0,0.0,3
azd3514,0.177,0.333,0.083,0.207,0.277,0.0,2
azd4547,0.369,0.208,0.069,0.024,0.014,0.0,2
azd5363,0.207,0.434,0.02,0.012,0.003,0.0,3
azd7545,0.563,0.039,0.815,0.122,0.01,0.001,3
azd7687,0.144,0.031,0.032,0.144,0.075,0.024,3
azd7762,0.006,0.002,0.0,0.0,0.0,0.0,3
azd8931,0.489,0.049,0.049,0.003,0.044,0.004,3
azd9668,0.006,0.938,0.133,0.438,0.112,0.124,3
azelaic-acid,0.053,0.133,0.002,0.005,0.019,0.195,3
azelastine,0.805,0.429,0.142,0.107,0.431,0.024,3
balaglitazone,0.18,0.738,0.052,0.628,0.153,0.0,4
balapiravir,0.342,0.462,0.131,0.239,0.163,0.076,2
balicatib,0.005,0.909,0.408,0.079,0.005,0.043,3
balsalazide,0.046,0.002,0.073,0.331,0.521,0.344,3
bambuterol,0.402,0.417,0.264,0.543,0.159,0.158,3
bardoxolone-methyl,0.049,0.071,0.003,0.0,0.0,0.0,2
basimglurant,0.502,0.176,0.147,0.282,0.096,0.086,3
batimastat,0.467,0.052,0.277,0.134,0.059,0.023,2
bavisant,0.232,0.489,0.089,0.345,0.17,0.369,2
bay-87-2243,0.0,0.0,0.0,0.0,0.0,0.0,3
bazedoxifene,0.194,0.351,0.142,0.423,0.003,0.009,3
bci-540,0.02,0.262,0.417,0.213,0.038,0.877,3
beclomethasone-dipropionate,0.0,0.0,0.0,0.0,0.0,0.0,3
belinostat,0.866,0.009,0.0,0.0,0.0,0.0,3
bemegride,0.006,0.012,0.058,0.023,0.065,0.289,3
benazepril,0.277,0.688,0.359,0.564,0.784,0.019,3
bendamustine,0.138,0.765,0.958,0.616,0.003,0.247,3
bendroflumethiazide,0.81,0.036,0.923,0.089,0.534,0.385,2
benzbromarone,0.064,0.065,0.032,0.035,0.001,0.012,3
benzthiazide,0.019,0.927,0.041,0.47,0.066,0.061,3
benzydamine,0.3,0.277,0.742,0.558,0.742,0.933,2
benzylpenicillin,0.832,0.094,0.073,0.686,0.862,0.073,2
bepotastine,0.061,0.828,0.92,0.039,0.243,0.128,3
berberine,0.925,0.3,0.055,0.003,0.001,0.0,3
betahistine,0.002,0.07,0.077,0.035,0.205,0.047,3
betulinic-acid,0.374,0.957,0.992,0.106,0.005,0.236,3
bevirimat-dimeglumine,0.116,0.527,0.733,0.174,0.005,0.001,3
bexarotene,0.021,0.01,0.64,0.055,0.128,0.057,3
bezafibrate,0.267,0.006,0.012,0.181,0.158,0.387,2
bicalutamide,0.883,0.489,0.122,0.413,0.205,0.006,3
bifemelane,0.093,0.029,0.034,0.0,0.077,0.156,3
bifonazole,0.715,0.843,0.551,0.124,0.283,0.0,2
bimatoprost,0.026,0.408,0.328,0.315,0.407,0.21,3
bindarit,0.001,0.888,0.151,0.566,0.144,0.049,3
biperiden,0.991,0.307,0.697,0.01,0.355,0.32,3
birinapant,0.053,0.297,0.094,0.004,0.001,0.0,3
bisindolylmaleimide,0.299,0.01,0.007,0.559,0.017,0.0,2
bisoprolol,0.105,0.008,0.0,0.09,0.051,0.344,3
bitopertin,0.082,0.231,0.257,0.281,0.003,0.025,3
blonanserin,0.827,0.082,0.234,0.731,0.01,0.077,3
bms-599626,0.36,0.889,0.027,0.028,0.006,0.009,3
bms-707035,0.314,0.315,0.918,0.229,0.994,0.998,3
bms-927711,0.063,0.086,0.234,0.011,0.314,0.618,3
bopindolol,0.621,0.552,0.875,0.07,0.153,0.118,3
bortezomib,0.0,0.0,0.0,0.0,0.0,0.0,2
bosentan,0.025,0.467,0.62,0.048,0.039,0.045,2
bosutinib,0.56,0.176,0.101,0.218,0.07,0.0,3
brequinar,0.63,0.382,0.071,0.061,0.042,0.005,2
bretazenil,0.431,0.068,0.055,0.23,0.357,0.21,3
brexpiprazole,0.449,0.361,0.567,0.407,0.944,0.653,3
brivanib,0.965,0.15,0.154,0.151,0.093,0.008,3
brivudine,0.514,0.175,0.44,0.872,0.486,0.102,3
bromocriptine,0.106,0.361,0.104,0.927,0.365,0.142,3
broxuridine,0.202,0.025,0.545,0.106,0.08,0.009,3
bruceantin,0.0,0.0,0.0,0.0,0.0,0.0,2
bts-54505,0.007,0.955,0.105,0.119,0.111,0.648,3
bucladesine,0.0,0.008,0.03,0.004,0.013,0.019,3
budipine,0.298,0.227,0.327,0.853,0.198,0.235,2
bumetanide,0.64,0.261,0.332,0.596,0.446,0.076,2
bupivacaine,0.116,0.067,0.267,0.539,0.424,0.049,3
bupropion,0.425,0.484,0.761,0.041,0.449,0.024,3
buspirone,0.456,0.666,0.447,0.279,0.655,0.075,2
butoconazole,0.797,0.44,0.243,0.429,0.056,0.047,3
butorphanol-(+)-tartrate,0.522,0.061,0.757,0.035,0.606,0.922,3
bvd-523,0.405,0.886,0.0,0.032,0.0,0.0,3
cabazitaxel,0.0,0.0,0.0,0.0,0.0,0.0,3
cabergoline,0.001,0.034,0.035,0.626,0.04,0.214,3
cabozantinib,0.435,0.77,1.0,0.011,0.842,0.018,3
caffeine,0.927,0.987,0.252,0.756,0.672,0.244,4
calcitriol,0.155,0.059,0.055,0.704,0.04,0.01,3
camicinal,0.396,0.708,0.072,0.484,0.015,0.004,3
camptothecin,0.0,0.0,0.0,0.0,0.0,0.0,3
canagliflozin,0.197,0.086,0.033,0.303,0.582,0.057,3
candesartan,0.116,0.161,0.329,0.47,0.969,0.311,3
canertinib,0.176,0.104,0.111,0.081,0.09,0.015,3
canrenoic-acid,0.217,0.396,0.024,0.076,0.195,0.149,3
capecitabine,0.726,0.055,0.183,0.406,0.258,0.046,2
capsaicin,0.763,0.758,0.183,0.891,0.24,0.341,2
carbachol,0.521,0.228,0.031,0.211,0.603,0.082,2
carbamazepine,0.236,0.559,0.301,0.001,0.018,0.054,3
carbenoxolone,0.489,0.938,0.599,0.0,0.508,0.038,3
carbimazole,0.156,0.575,0.392,0.345,0.013,0.01,3
carglumic-acid,0.411,0.558,0.41,0.566,0.621,0.311,3
cariprazine,0.338,0.552,0.173,0.626,0.542,0.279,2
carisoprodol,0.02,0.436,0.291,0.132,0.17,0.08,3
carprofen,0.778,0.037,0.166,0.149,0.054,0.386,2
carvedilol,0.672,0.078,0.675,0.602,0.028,0.023,2
cb-10-277-(free-acid),0.093,0.174,0.099,0.575,0.051,0.183,3
cc-401,0.273,0.101,0.818,0.539,0.448,0.656,3
cc-930,0.161,0.806,0.141,0.478,0.983,0.125,3
cediranib,0.253,0.503,0.84,0.656,0.078,0.0,3
cefdinir,0.172,0.304,0.49,0.333,0.398,0.266,2
cefepime,0.71,0.198,0.632,0.177,0.45,0.602,3
cefoperazone,0.27,0.051,0.528,0.116,0.096,0.124,4
cefotetan,0.182,0.49,0.823,0.34,0.437,0.018,2
cefozopran,0.119,0.031,0.423,0.251,0.238,0.588,3
celecoxib,0.405,0.37,0.261,0.639,0.11,0.78,3
cep-37440,0.548,0.174,0.918,0.005,0.0,0.0,3
cepharanthine,0.407,0.588,0.181,0.15,0.029,0.002,2
cgp12177,0.435,0.042,0.096,0.704,0.314,0.194,3
chlorambucil,0.02,0.001,0.0,0.716,0.306,0.037,3
chlormezanone,0.003,0.23,0.307,0.028,0.086,0.113,3
chloroxine,0.017,0.021,0.011,0.625,0.003,0.0,3
chlorphenamine,0.31,0.186,0.278,0.622,0.177,0.037,3
chlorpromazine,0.129,0.118,0.14,0.297,0.013,0.0,3
chlorpropamide,0.147,0.099,0.971,0.016,0.313,0.086,3
chlortalidone,0.835,0.52,0.19,0.317,0.013,0.01,3
cholic-acid,0.199,0.722,0.33,0.184,0.335,0.784,2
choline-alfoscerate,0.136,0.029,0.872,0.117,0.096,0.009,3
cianidanol,0.156,0.015,0.687,0.445,0.263,0.057,3
ciclesonide,0.002,0.0,0.0,0.0,0.0,0.0,3
ciglitazone,0.467,0.343,0.163,0.162,0.623,0.417,3
cilengitide,0.274,0.349,0.273,0.26,0.248,0.214,3
cilomilast,0.096,0.23,0.04,0.352,0.57,0.519,3
cilostazol,0.393,0.588,0.145,0.428,0.393,0.08,3
cimetidine,0.726,0.26,0.176,0.909,0.01,0.149,3
cinaciguat,0.009,0.009,0.02,0.133,0.024,0.272,3
cinepazide,0.184,0.402,0.289,0.643,0.036,0.128,2
cinnarizine,0.562,0.653,0.047,0.84,0.318,0.038,3
cinoxacin,0.027,0.041,0.495,0.863,0.717,0.01,3
ciprofloxacin,0.419,0.101,0.216,0.078,0.086,0.008,3
cisapride,0.198,0.017,0.077,0.003,0.035,0.046,3
citalopram,0.494,0.614,0.493,0.7,0.524,0.097,3
cladribine,0.455,0.48,0.317,0.009,0.013,0.0,2
clarithromycin,0.026,0.025,0.111,0.641,0.182,0.249,3
clenbuterol,0.304,0.326,0.891,0.87,0.2,0.086,2
climbazole,0.556,0.394,0.125,0.213,0.256,0.389,2
clinafloxacin,0.38,0.208,0.789,0.117,0.422,0.691,3
clindamycin,0.243,0.017,0.432,0.998,0.994,0.222,3
clinofibrate,0.131,0.15,0.343,0.236,0.25,0.18,3
clioquinol,0.007,0.51,0.906,0.257,0.215,0.007,3
clobetasol,0.0,0.0,0.0,0.0,0.0,0.0,3
clofarabine,0.179,0.244,0.009,0.0,0.0,0.0,3
clofazimine,0.384,0.45,0.39,0.198,0.876,0.047,3
clofibric-acid,0.061,0.172,0.034,0.237,0.092,0.127,3
clofoctol,0.11,0.044,0.014,0.111,0.06,0.251,4
clomethiazole,0.162,0.238,0.29,0.01,0.108,0.022,3
clomifene,0.019,0.011,0.067,0.677,0.04,0.002,3
clonazepam,0.216,0.635,0.098,0.537,0.234,0.107,3
clonidine,0.655,0.136,0.225,0.12,0.039,0.295,2
clotrimazole,0.046,0.567,0.369,0.574,0.045,0.01,3
clozapine,0.99,0.883,0.034,0.079,0.005,0.049,3
co-102862,0.243,0.005,0.011,0.005,0.013,0.005,3
cobimetinib,0.004,0.002,0.0,0.0,0.0,0.0,4
colchicine,0.003,0.011,0.001,0.0,0.002,0.001,3
colforsin-daproate,0.109,0.174,0.946,0.281,0.119,0.405,3
combretastatin-a-4,0.997,0.002,0.0,0.0,0.0,0.0,3
conivaptan,0.49,0.123,0.011,0.057,0.013,0.896,3
cordycepin,0.042,0.426,0.489,0.762,0.811,0.553,2
"cp-945,598",0.147,0.142,0.001,0.042,0.046,0.01,3
cpi-1189,0.119,0.07,0.028,0.009,0.474,0.186,3
cpi-613,0.726,0.01,0.191,0.288,0.071,0.226,2
cromoglicic-acid,0.113,0.024,0.082,0.13,0.213,0.978,3
ct-7758,0.143,0.151,0.147,0.221,0.441,0.096,3
cts-1027,0.276,0.259,0.553,0.851,0.918,0.084,3
curcumin,0.303,0.13,0.296,0.023,0.035,0.145,3
cx-4945,0.504,0.436,0.305,0.057,0.008,0.0,3
cx-5461,0.675,0.653,0.055,0.004,0.0,0.0,3
cx516,0.979,0.165,0.508,0.071,0.298,0.249,3
cyanocobalamin,0.095,0.286,0.255,0.421,0.544,0.225,2
cyclizine,0.11,0.228,0.107,0.464,0.586,0.821,2
cyclobenzaprine,0.837,0.361,0.299,0.162,0.571,0.023,3
cyclosporin-a,0.899,0.054,0.0,0.0,0.0,0.0,3
cyproheptadine,0.247,0.004,0.135,0.243,0.533,0.17,3
cyproterone-acetate,0.299,0.231,0.564,0.191,0.13,0.5,2
cytarabine,0.007,0.161,0.001,0.017,0.5,0.816,3
cytisine,0.003,0.041,0.09,0.404,0.024,0.019,3
d-serine,0.015,0.398,0.011,0.501,0.506,0.782,3
dabigatran-etexilate,0.949,0.37,0.058,0.668,0.046,0.038,3
dabrafenib,0.088,0.024,0.0,0.002,0.003,0.007,3
dacarbazine,0.491,0.87,0.345,0.449,0.047,0.128,2
dacinostat,0.0,0.0,0.0,0.0,0.0,0.0,3
dacomitinib,0.051,0.072,0.013,0.483,0.026,0.002,3
danazol,0.066,0.173,0.072,0.07,0.241,0.025,3
danegaptide,0.844,0.192,0.599,0.913,0.922,0.5,3
dantrolene,0.35,0.2,0.439,0.704,0.392,0.048,3
danusertib,0.003,0.016,0.0,0.002,0.0,0.0,3
dapagliflozin,0.953,0.347,0.087,0.786,0.056,0.317,3
dapivirine,0.635,0.208,0.415,0.123,0.003,0.009,3
dapsone,0.334,0.045,0.986,0.405,0.505,0.515,3
darifenacin,0.26,0.033,0.495,0.161,0.061,0.002,3
darunavir,0.36,0.085,0.327,0.943,0.158,0.024,3
dasabuvir,0.209,0.665,0.173,0.701,0.229,0.014,3
dasatinib,0.366,0.223,0.01,0.003,0.002,0.002,2
dazoxiben,0.066,0.146,0.096,0.247,0.57,0.128,3
decitabine,0.006,0.015,0.034,0.004,0.008,0.001,3
defactinib,0.219,0.165,0.053,0.035,0.181,0.125,3
deferasirox,0.236,0.512,0.358,0.39,0.092,0.01,3
deferiprone,0.348,0.055,0.34,0.942,0.448,0.144,3
deforolimus,0.0,0.0,0.0,0.0,0.0,0.0,3
dehydroepiandrosterone,0.408,0.432,0.027,0.804,0.837,0.386,2
delanzomib,0.081,0.0,0.0,0.0,0.0,0.002,3
delivert,0.805,0.402,0.683,0.732,0.213,0.069,2
deoxycholic-acid,0.202,0.143,0.636,0.0,0.131,0.154,3
dequalinium,0.853,0.629,0.307,0.003,0.001,0.0,3
desmopressin-acetate,0.342,0.701,0.444,0.886,0.123,0.489,2
desoxypeganine,0.052,0.989,0.339,0.54,0.314,0.202,2
dexamethasone,0.0,0.001,0.0,0.0,0.0,0.0,6
dexfenfluramine,0.009,0.414,0.216,0.576,0.057,0.664,3
dexloxiglumide,0.144,0.163,0.124,0.052,0.194,0.005,3
dexniguldipine,0.906,0.015,0.046,0.03,0.474,0.016,3
dextromethorphan,0.128,0.405,0.078,0.003,0.064,0.276,3
diacerein,0.143,0.47,0.698,0.04,0.415,0.192,3
diazepam,0.579,0.037,0.145,0.478,0.468,0.377,2
diazoxide,0.006,0.029,0.001,0.093,0.025,0.024,3
diclofenac,0.058,0.016,0.925,0.458,0.008,0.228,3
diclofensine,0.535,0.077,0.294,0.092,0.389,0.533,3
dicloxacillin,0.201,0.586,0.69,0.35,0.077,0.047,3
dicoumarol,0.091,0.208,0.142,0.291,0.318,0.112,3
dideoxyadenosine,0.319,0.001,0.0,0.723,0.052,0.042,3
dienogest,0.594,0.131,0.106,0.301,0.808,0.38,3
diethylcarbamazine,0.785,0.062,0.647,0.071,0.733,0.04,3
diethylstilbestrol,0.644,0.638,0.283,0.912,0.723,0.49,2
diflunisal,0.006,0.07,0.013,0.034,0.215,0.043,3
dihydroergocristine,0.331,0.148,0.578,0.395,0.542,0.267,2
dihydroergotamine,0.515,0.497,0.679,0.621,0.335,0.982,3
dilazep,0.979,0.801,0.7,0.288,0.744,0.194,3
diltiazem,0.051,0.058,0.001,0.005,0.001,0.0,3
dimesna,0.28,0.39,0.104,0.34,0.386,0.722,2
dimethyl-fumarate,0.286,0.044,0.047,0.025,0.074,0.144,3
diminazene-aceturate,0.749,0.192,0.362,0.532,0.246,0.086,2
dinaciclib,0.001,0.0,0.0,0.0,0.0,0.0,3
dinoprost,0.638,0.152,0.098,0.318,0.038,0.022,3
diosmin,0.638,0.616,0.015,0.084,0.094,0.573,3
diphenidol,0.044,0.261,0.365,0.231,0.37,0.913,3
dipraglurant,0.399,0.044,0.053,0.304,0.018,0.084,2
dipyridamole,0.094,0.572,0.236,0.006,0.725,0.427,3
disopyramide,0.063,0.78,0.076,0.003,0.163,0.059,3
disulfiram,0.26,0.473,0.008,0.013,0.078,0.216,3
dmp-777,0.106,0.008,0.072,0.016,0.886,0.017,3
docetaxel,0.001,0.001,0.0,0.0,0.0,0.0,3
dofequidar,0.13,0.22,0.417,0.927,0.973,0.73,3
dolutegravir,0.162,0.734,0.11,0.181,0.013,0.043,2
donepezil,0.625,0.667,0.472,0.186,0.523,0.457,2
donitriptan,0.053,0.991,0.003,0.036,0.422,0.517,3
dopamine,0.23,0.113,0.069,0.021,0.818,0.133,3
doramapimod,0.58,0.395,0.217,0.012,0.142,0.003,2
dorzolamide,0.216,0.987,0.003,0.121,0.001,0.862,3
doxapram,0.082,0.307,0.141,0.01,0.427,0.047,3
doxazosin,0.142,0.044,0.997,0.995,0.124,0.125,2
doxepin,0.448,0.455,0.013,0.581,0.471,0.296,2
doxifluridine,0.308,0.299,0.902,0.06,0.325,0.071,2
doxofylline,0.009,0.024,0.336,0.502,0.003,0.238,3
doxorubicin,0.0,0.0,0.0,0.0,0.0,0.0,3
doxycycline-hyclate,0.648,0.359,0.895,0.407,0.313,0.026,2
dpcpx,0.582,0.599,0.784,0.238,0.311,0.169,3
dpi-201106,0.014,0.102,0.002,0.109,0.125,0.16,3
dronedarone,0.435,0.144,0.495,0.698,0.209,0.0,3
droperidol,0.176,0.695,0.405,0.382,0.262,0.432,3
drospirenone,0.144,0.361,0.481,0.428,0.278,0.51,3
du-728,0.761,0.382,0.087,0.017,0.019,0.205,3
duloxetine,0.116,0.07,0.022,0.003,0.056,0.142,3
dutasteride,0.011,0.031,0.053,0.026,0.095,0.116,3
e-2012,0.904,0.247,0.035,0.909,0.186,0.021,3
ebselen,0.057,0.155,0.483,0.497,0.003,0.599,3
econazole,0.041,0.669,0.053,0.948,0.015,0.004,3
edoxaban,0.083,0.07,0.045,0.71,0.378,0.128,3
edoxudine,0.767,0.143,0.44,0.908,0.65,0.001,3
efaproxiral,0.336,0.844,0.183,0.03,0.173,0.097,3
efavirenz,0.035,0.362,0.366,0.428,0.089,0.021,3
eflornithine,0.552,0.227,0.369,0.288,0.461,0.292,3
elesclomol,0.053,0.06,0.111,0.621,0.011,0.003,3
ellagic-acid,0.259,0.161,0.131,0.034,0.09,0.78,3
emd-1214063,0.377,0.091,0.289,0.209,0.003,0.008,3
emd-53998,0.035,0.026,0.073,0.408,0.126,0.78,3
emedastine,0.647,0.538,0.476,0.085,0.815,0.182,2
emtricitabine,0.266,0.031,0.356,0.056,0.287,0.937,3
enalapril,0.211,0.08,0.099,0.035,0.936,0.106,3
enoxacin,0.125,0.83,0.721,0.509,0.192,0.226,2
entecavir,0.42,0.341,0.292,0.021,0.706,0.087,2
entinostat,0.216,0.037,0.0,0.0,0.0,0.0,3
enzalutamide,0.119,0.334,0.2,0.281,0.351,0.215,3
enzastaurin,0.058,0.729,0.001,0.0,0.001,0.0,2
eperezolid,0.009,0.077,0.013,0.119,0.333,0.362,3
epinastine,0.283,0.199,0.278,0.24,0.311,0.04,3
epinephrine,0.592,0.574,0.206,0.281,0.868,0.727,3
epirizole,0.286,0.879,0.898,0.695,0.137,0.288,3
epirubicin,0.04,0.0,0.0,0.0,0.0,0.0,3
epitiostanol,0.0,0.001,0.005,0.004,0.004,0.018,4
epothilone-b,0.0,0.0,0.0,0.0,0.0,0.0,3
equol,0.221,0.182,0.073,0.35,0.999,0.033,3
ercalcitriol,0.925,0.182,0.902,0.627,0.028,0.139,3
erlotinib,0.146,0.116,0.002,0.079,0.0,0.0,3
erteberel,0.377,0.984,0.398,0.176,0.865,0.0,3
erythromycin,0.227,0.104,0.334,0.093,0.046,0.419,6
escitalopram,0.094,0.014,0.055,0.001,0.003,0.127,3
esmolol,0.118,0.175,0.0,0.131,0.397,0.04,3
estramustine,0.003,0.023,0.001,0.457,0.333,0.046,3
estramustine-phosphate,0.016,0.224,0.35,0.189,0.214,0.797,4
estriol,0.057,0.22,0.072,0.372,0.528,0.209,3
estrone,0.741,0.356,0.189,0.95,0.155,0.145,3
etacrynic-acid,0.049,0.13,0.478,0.883,0.187,0.238,3
etanidazole,0.514,0.395,0.152,0.216,0.378,0.576,2
etazolate,0.169,0.297,0.647,0.64,0.79,0.039,3
ethinyl-estradiol,0.439,0.482,0.096,0.648,0.308,0.236,3
ethylenediaminetetraacetic-acid,0.058,0.592,0.261,0.811,0.003,0.044,3
etizolam,0.189,0.025,0.499,0.713,0.056,0.037,3
etodolac,0.906,0.951,0.985,0.622,0.432,0.073,3
etofylline-clofibrate,0.331,0.647,0.405,0.399,0.35,0.336,3
etomidate,0.143,0.374,0.934,0.082,0.73,0.288,3
etomoxir,0.223,0.273,0.212,0.381,0.708,0.009,3
etoposide,0.088,0.475,0.056,0.02,0.0,0.0,3
etoricoxib,0.36,0.896,0.469,0.671,0.998,0.013,3
etravirine,0.438,0.179,0.055,0.076,0.051,0.195,3
eugenol,0.02,0.869,0.047,0.818,0.15,0.118,3
everolimus,0.0,0.004,0.001,0.0,0.0,0.0,2
evp-6124,0.21,0.05,0.359,0.082,0.316,0.014,3
exalamide,0.629,0.438,0.592,0.134,0.009,0.033,3
exemestane,0.007,0.059,0.083,0.093,0.362,0.476,2
exherin,0.117,0.17,0.346,0.522,0.247,0.497,2
fadrozole,0.259,0.5,0.495,0.446,0.166,0.73,3
famciclovir,0.064,0.096,0.402,0.378,0.156,0.465,3
famotidine,0.179,0.651,0.272,0.32,0.187,0.097,3
faropenem,0.049,0.302,0.986,0.863,0.046,0.285,3
fasudil,0.87,0.248,0.222,0.024,0.211,0.571,2
favipiravir,0.335,0.055,0.991,0.35,0.189,0.096,3
fdcyd,0.0,0.0,0.0,0.0,0.0,0.0,3
febuxostat,0.205,0.182,0.473,0.136,0.239,0.372,2
felbinac,0.014,0.026,0.009,0.039,0.015,0.015,3
felodipine,0.026,0.033,0.269,0.114,0.874,0.603,3
fenobam,0.2,0.435,0.229,0.409,0.252,0.554,2
fenoterol,0.103,0.252,0.487,0.566,0.439,0.246,3
fenticonazole,0.094,0.754,0.322,0.86,0.589,0.145,3
fexofenadine,0.062,0.031,0.051,0.004,0.034,0.015,3
fiacitabine,0.613,0.44,0.347,0.613,0.652,0.381,3
fidarestat,0.201,0.481,0.055,0.484,0.865,0.381,3
fidaxomicin,0.475,0.469,0.336,0.576,0.414,0.068,2
filgotinib,0.064,0.37,0.759,0.051,0.77,0.004,3
finasteride,0.049,0.588,0.663,0.17,0.158,0.084,3
fipronil,0.113,0.344,0.69,0.795,0.192,0.363,2
firategrast,0.504,0.264,0.329,0.291,0.187,0.01,3
flavoxate,0.32,0.541,0.252,0.081,0.049,0.598,2
flecainide,0.147,0.804,0.072,0.023,0.04,0.02,3
floxuridine,0.0,0.0,0.0,0.0,0.0,0.0,3
fluconazole,0.685,0.482,0.327,0.025,0.041,0.135,3
fludarabine-phosphate,0.084,0.143,0.882,0.95,0.968,0.999,3
fludroxycortide,0.001,0.002,0.0,0.0,0.001,0.0,3
flumatinib,0.747,0.029,0.411,0.633,0.006,0.002,3
flumazenil,0.636,0.212,0.058,0.513,0.328,0.04,3
fluocinonide,0.0,0.0,0.0,0.0,0.0,0.0,3
fluorometholone,0.014,0.0,0.0,0.0,0.001,0.0,2
fluorouracil,0.094,0.006,0.278,0.214,0.024,0.0,3
fluoxetine,0.871,0.45,0.213,0.734,0.314,0.016,3
fluphenazine,1.0,0.305,0.493,0.001,0.005,0.0,3
fluspirilene,0.059,0.231,0.902,0.788,0.144,0.069,2
flutamide,0.109,0.302,0.253,0.119,0.128,0.023,2
fluticasone,0.0,0.0,0.0,0.0,0.0,0.0,3
flutrimazole,0.479,0.165,0.344,0.277,0.364,0.479,3
fluvoxamine,0.133,0.142,0.002,0.004,0.003,0.01,3
folic-acid,0.175,0.09,0.843,0.906,0.381,0.12,3
fomepizole,0.024,0.231,0.679,0.164,0.035,0.163,3
fomocaine,0.542,0.149,0.443,0.036,0.841,0.019,3
foretinib,0.002,0.047,0.014,0.002,0.001,0.0,4
formestane,0.04,0.009,0.011,0.001,0.003,0.01,3
formoterol,0.743,0.576,0.023,0.444,0.057,0.023,2
forskolin,0.123,0.001,0.016,0.01,0.015,0.017,3
fosfomycin,0.69,0.633,0.96,0.312,0.479,0.178,2
fostamatinib,0.064,0.613,0.327,0.119,0.02,0.0,3
fpl-62064,0.415,0.655,0.192,0.041,0.538,0.575,3
ftorafur,0.012,0.026,0.709,0.253,0.096,0.019,3
fulvestrant,0.04,0.138,0.446,0.191,0.614,0.09,4
fusidic-acid,0.493,0.368,0.425,0.136,0.441,0.56,3
gabapentin,0.34,0.933,0.423,0.152,0.161,0.445,3
galeterone,0.014,0.165,0.033,0.053,0.003,0.01,3
ganaxolone,0.009,0.226,0.065,0.025,0.938,0.448,3
gatifloxacin,0.07,0.105,0.423,0.86,0.062,0.204,3
gdc-0068,0.075,0.018,0.41,0.013,0.004,0.0,2
gdc-0152,0.003,0.004,0.02,0.001,0.001,0.001,3
gdc-0199,0.293,0.184,0.138,0.064,0.314,0.001,3
gdc-0834,0.551,0.602,0.002,0.049,0.111,0.015,3
gefitinib,0.568,0.107,0.2,0.32,0.035,0.009,3
gemcitabine,0.0,0.0,0.0,0.0,0.0,0.0,3
gemfibrozil,0.606,0.436,0.307,0.389,0.476,0.01,3
gemifloxacin,0.38,0.765,0.211,0.169,0.127,0.244,3
genz-644282,0.0,0.0,0.0,0.0,0.0,0.0,3
gestrinone,0.023,0.046,0.001,0.39,0.151,0.026,3
gimeracil,0.216,0.301,0.616,0.656,0.311,0.583,3
ginkgolide-b,0.234,0.588,0.498,0.079,0.047,0.246,3
glasdegib,0.091,0.129,0.338,0.133,0.754,0.215,3
gliclazide,0.003,0.022,0.011,0.0,0.176,0.004,3
glimepiride,0.138,0.195,0.115,0.023,0.086,0.307,3
glipizide,0.051,0.129,0.276,0.012,0.555,0.185,3
gliquidone,0.767,0.07,0.308,0.073,0.112,0.055,3
glycitein,0.239,0.784,0.063,0.701,0.102,0.038,3
glycopyrrolate,0.233,0.187,0.015,0.001,0.288,0.001,3
golvatinib,0.847,0.398,0.382,0.818,0.157,0.0,3
goserelin-acetate,0.318,0.965,0.691,0.497,0.234,0.251,3
granisetron,0.12,0.208,0.31,0.027,0.106,0.274,2
grazoprevir,0.582,0.701,0.537,0.16,0.015,0.008,3
griseofulvin,0.006,0.038,0.628,0.262,0.339,0.009,3
gsk1292263,0.54,0.404,0.484,0.302,0.386,0.259,2
gsk2110183,0.635,0.573,0.045,0.012,0.001,0.0,3
gsk256066,0.048,0.221,0.34,0.02,0.286,0.938,3
gsk2636771,0.565,0.558,0.169,0.071,0.147,0.225,2
guanabenz,0.126,0.262,0.757,0.049,0.474,0.01,3
guanadrel,0.153,0.555,0.015,0.892,0.263,0.069,3
guanethidine,0.408,0.361,0.251,0.251,0.509,0.694,2
gw842166,0.26,0.158,0.0,0.978,0.445,0.0,3
halcinonide,0.0,0.0,0.0,0.0,0.0,0.0,3
haloperidol,0.299,0.086,0.145,0.122,0.256,0.103,3
hc-030031,0.123,0.44,0.913,0.326,0.726,0.285,3
hesperidin,0.176,0.179,0.481,0.523,0.492,0.139,3
hexachlorophene,0.129,0.343,0.147,0.0,0.0,0.0,3
histamine,0.27,0.308,0.883,0.449,0.585,0.596,4
homochlorcyclizine,0.009,0.051,0.069,0.044,0.005,0.278,3
homoharringtonine,0.0,0.0,0.0,0.0,0.0,0.0,2
honokiol,0.169,0.029,0.373,0.934,0.505,0.328,3
hydrocortisone,0.03,0.002,0.006,0.003,0.014,0.001,2
hydroxyurea,0.465,0.262,0.71,0.06,0.577,0.313,3
hymecromone,0.681,0.558,0.354,0.342,0.256,0.228,2
hypericin,0.015,0.049,0.065,0.089,0.848,0.214,3
i-bet-762,0.027,0.029,0.007,0.002,0.0,0.0,2
ib-meca,0.678,0.913,0.269,0.262,0.114,0.331,3
ibrutinib,0.638,0.031,0.063,0.0,0.04,0.004,3
ibudilast,0.961,0.379,0.121,0.214,0.421,0.697,3
ibuprofen,0.029,0.017,0.26,0.325,0.019,0.008,3
ibutamoren,0.835,0.397,0.065,0.019,0.184,0.149,3
ici-162846,0.411,0.008,0.061,0.0,0.819,0.652,3
"ici-185,282",0.593,0.302,0.096,0.835,0.01,0.016,3
ici-192605,0.375,0.939,0.213,0.605,0.077,0.195,3
idalopirdine,0.474,0.029,0.495,0.445,0.474,0.04,3
idelalisib,0.454,0.581,0.211,0.646,0.405,0.329,3
idoxuridin,0.181,0.171,0.011,0.01,0.001,0.005,3
ifosfamide,0.01,0.252,0.002,0.002,0.013,0.121,3
iguratimod,0.117,0.775,0.173,0.06,0.503,0.064,2
ilomastat,0.769,0.811,0.902,0.908,0.996,0.259,3
imatinib,0.006,0.259,0.322,0.017,0.001,0.001,3
imexon,0.763,0.879,0.748,0.088,0.003,0.296,3
imiloxan,0.97,0.025,0.047,0.012,0.005,0.093,3
imipramine,0.491,0.508,0.818,0.333,0.123,0.956,3
imiquimod,0.933,0.796,0.696,0.532,0.17,0.265,2
indacaterol,0.197,0.157,0.072,0.011,0.262,0.01,3
indapamide,0.543,0.801,0.247,0.143,0.182,0.149,3
indibulin,0.135,0.144,0.008,0.0,0.0,0.001,3
indinavir,0.234,0.461,0.189,0.019,0.158,0.092,3
indiplon,0.273,0.382,0.082,0.026,0.761,0.104,3
indirubin,0.021,0.042,0.013,0.011,0.024,0.005,2
indobufen,0.517,0.757,0.921,0.559,0.029,0.024,3
indole,0.096,0.015,0.024,0.01,0.002,0.075,4
indoprofen,0.008,0.012,0.213,0.002,0.056,0.005,3
indoramin,0.337,0.392,0.076,0.917,0.47,0.19,2
ingenol-mebutate,0.0,0.0,0.0,0.0,0.0,0.0,3
iniparib,0.039,0.004,0.001,0.0,0.004,0.008,3
inosine,0.617,0.535,0.147,0.041,0.1,0.024,3
inositol,0.189,0.111,0.838,0.014,0.556,0.001,3
iowh032,0.961,0.001,0.002,0.716,0.982,0.937,3
ipratropium,0.608,0.452,0.667,0.294,0.542,0.249,2
ipriflavone,0.776,0.372,0.36,0.205,0.204,0.152,3
irinotecan,0.197,0.047,0.18,0.012,0.0,0.0,3
isbufylline,0.636,0.168,0.099,0.948,0.176,0.456,3
isoconazole,0.35,0.497,0.363,0.494,0.206,0.238,3
isofloxythepin,0.204,0.088,0.015,0.022,0.052,0.008,3
isosorbide,0.009,0.016,0.467,0.174,0.25,0.673,3
isradipine,0.448,0.142,0.438,0.035,0.381,0.17,2
istaroxime,0.038,0.021,0.104,0.023,0.0,0.0,2
itopride,0.488,0.811,0.154,0.45,0.399,0.614,3
ivabradine,0.049,0.526,0.058,0.829,0.003,0.26,3
ivacaftor,0.015,0.857,0.382,0.59,0.388,0.096,3
ivermectin,0.88,0.963,0.748,0.943,0.216,0.029,3
ixabepilone,0.321,0.0,0.0,0.0,0.0,0.0,3
josamycin,0.577,0.877,0.211,0.162,0.473,0.42,3
kakonein,0.933,0.51,0.818,0.263,0.628,0.221,3
kbg,0.0,0.888,0.259,0.206,0.146,0.988,4
kd-023,0.08,0.199,0.182,0.017,0.084,0.818,3
kd025,0.925,0.025,0.256,0.153,0.003,0.001,3
ketoconazole,0.398,0.385,0.211,0.179,0.092,0.002,3
ketoprofen,0.116,0.681,0.034,0.071,0.008,0.04,3
ketorolac,0.048,0.037,0.072,0.809,0.015,0.005,3
ketotifen,0.616,0.311,0.878,0.56,0.002,0.507,3
kpt-330,0.061,0.001,0.0,0.0,0.0,0.0,3
kw-2449,0.019,0.588,0.818,0.001,0.0,0.0,3
kw-2478,0.115,0.454,0.053,0.0,0.0,0.0,3
kx2-391,0.181,0.0,0.0,0.0,0.0,0.0,3
l-citrulline,0.0,0.052,0.002,0.625,0.914,0.039,3
l-ergothioneine,0.005,0.0,0.0,0.0,0.001,0.137,2
l-name,0.049,0.029,0.041,0.59,0.055,0.466,3
labetalol,0.233,0.129,0.632,0.044,0.146,0.142,3
lacitol,0.129,0.031,0.086,0.576,0.312,0.141,3
lacosamide,0.159,0.689,0.996,0.883,0.911,0.07,3
lafutidine,0.201,0.262,0.021,0.1,0.271,0.062,3
lamivudine,0.067,0.25,0.105,0.055,0.146,0.005,4
lamotrigine,0.385,0.538,0.441,0.398,0.546,0.331,2
lapatinib,0.427,0.047,0.015,0.009,0.074,0.008,3
lasalocid,0.0,0.0,0.0,0.0,0.0,0.0,3
latanoprost,0.024,0.025,0.041,0.002,0.01,0.156,3
lcl-161,0.021,0.033,0.001,0.09,0.114,0.005,3
ledipasvir,0.765,0.024,0.278,0.009,0.279,0.0,3
leflunomide,0.608,0.497,0.454,0.789,0.119,0.048,2
lenalidomide,0.127,0.098,0.042,0.605,0.365,0.663,2
lenvatinib,0.068,0.382,0.465,0.134,0.194,0.057,3
lerisetron,0.391,0.976,0.662,0.442,0.35,0.493,3
lersivirine,0.225,0.12,0.074,0.126,0.964,0.055,4
lestaurtinib,0.12,0.01,0.006,0.0,0.001,0.0,2
letermovir,0.076,0.909,0.484,0.407,0.065,0.034,2
levalbuterol,0.348,0.674,0.853,0.258,0.215,0.527,3
levamisole,0.049,0.63,0.75,0.299,0.714,0.999,3
levcromakalim,0.474,0.504,0.222,0.232,0.657,0.287,2
levetiracetam,0.605,0.13,0.259,0.167,0.009,0.2,3
levobunolol,0.61,0.754,0.295,0.54,0.164,0.169,3
levocabastine,0.009,0.07,0.484,0.103,0.652,0.192,3
levocetirizine,0.001,0.962,0.148,0.942,0.901,0.086,3
levofloxacin,0.083,0.059,0.274,0.026,0.866,0.008,3
levomequitazine,0.142,0.799,0.798,0.169,0.34,0.009,3
levonorgestrel,0.048,0.175,0.047,0.003,0.025,0.004,3
levosimendan,0.093,0.536,0.132,0.282,0.827,0.036,4
levothyroxine,0.486,0.041,0.992,0.038,0.008,0.038,3
lgx818,0.212,0.402,0.179,0.139,0.061,0.0,2
licochalcone-a,0.29,0.099,0.666,0.046,0.244,0.002,2
lidamidine,0.125,0.065,0.002,0.55,0.086,0.066,3
lidocaine,0.006,0.008,0.238,0.415,0.206,0.191,3
lidoflazine,0.709,0.744,0.185,0.175,0.889,0.006,3
linezolid,0.38,0.536,0.853,0.502,0.206,0.0,2
linifanib,0.523,0.523,0.307,0.268,0.005,0.023,3
linopirdine,0.116,0.093,0.053,0.218,0.005,0.166,3
linsidomine,0.009,0.026,0.011,0.163,0.003,0.008,3
linsitinib,0.332,0.031,0.0,0.004,0.001,0.004,3
liranaftate,0.282,0.083,0.155,0.316,0.489,0.004,3
lisinopril,0.211,0.026,0.336,0.634,0.431,0.285,3
lisofylline,0.019,0.171,0.047,0.01,0.003,0.01,3
lobenzarit,0.918,0.154,0.575,0.288,0.109,0.794,3
lodoxamide,0.66,0.029,0.052,0.263,0.169,0.544,3
lofexidine,0.334,0.606,0.296,0.16,0.114,0.295,3
lomeguatrib,0.152,0.065,0.487,0.132,0.23,0.169,3
lomerizine,0.883,0.877,0.056,0.575,0.205,0.2,3
lomitapide,0.207,0.29,0.545,0.063,0.481,0.033,3
lonafarnib,0.27,0.254,0.27,0.307,0.407,0.019,2
lonidamine,0.331,0.144,0.7,0.456,0.333,0.564,2
loperamide,0.096,0.462,0.519,0.811,0.799,0.004,3
lopinavir,0.083,0.134,0.038,0.488,0.003,0.002,3
loratadine,0.046,0.059,0.001,0.003,0.157,0.01,3
lorazepam,0.041,0.64,0.016,0.483,0.255,0.121,3
lorcaserin,0.391,0.025,0.002,0.545,0.056,0.11,3
lorglumide,0.707,0.17,0.111,0.674,0.037,0.938,3
losmapimod,0.214,0.301,0.831,0.048,0.219,0.019,3
loxoprofen,0.297,0.497,0.163,0.624,0.725,0.657,3
lucitanib,0.875,0.526,0.402,0.897,0.218,0.01,3
luliconazole,0.618,0.084,0.236,0.179,0.532,0.148,3
lupanine,0.186,0.044,0.65,0.06,0.216,0.145,3
lurasidone,0.952,0.29,0.34,0.336,0.212,0.268,2
lx1031,0.014,0.13,0.28,0.965,0.772,0.978,3
ly215490,0.077,0.343,0.05,0.009,0.08,0.347,3
ly2228820,0.246,0.351,0.524,0.447,0.227,0.017,3
ly2334737,0.455,0.35,0.276,0.051,0.226,0.096,3
ly2784544,0.0,0.26,0.763,0.844,0.001,0.0,3
ly2811376,0.219,0.703,0.065,0.033,0.008,0.063,3
ly2874455,0.003,0.0,0.0,0.0,0.0,0.0,3
ly2886721,0.307,0.047,0.038,0.704,0.092,0.142,3
macitentan,0.858,0.25,0.049,0.0,0.002,0.002,2
malotilate,0.02,0.238,0.072,0.405,0.402,0.01,3
manumycin-a,0.072,0.868,0.24,0.35,0.209,0.005,3
maprotiline,0.428,0.394,0.826,0.029,0.951,0.033,3
maraviroc,0.616,0.273,0.096,0.564,0.173,0.006,3
maribavir,0.385,0.114,0.196,0.068,0.532,0.431,2
marimastat,0.014,0.044,0.032,0.148,0.089,0.025,3
masitinib,0.006,0.224,0.011,0.011,0.08,0.0,3
masoprocol,0.855,0.774,0.4,0.395,0.304,0.053,2
maxacalcitol,0.83,0.555,0.728,0.125,0.189,0.002,3
mazindol,0.282,0.295,0.149,0.991,0.912,0.194,3
mbx-2982,0.829,0.799,0.131,0.026,0.005,0.001,3
mcpp,0.091,0.084,0.135,0.065,0.979,0.689,2
mebendazole,0.497,0.008,0.001,0.135,0.003,0.001,3
mecamylamine,0.921,0.037,0.508,0.004,0.281,0.04,3
meclofenamic-acid,0.697,0.182,0.882,0.003,0.013,0.008,3
meclozine,0.223,0.199,0.124,0.031,0.003,0.196,3
medroxyprogesterone-acetate,0.0,0.002,0.0,0.0,0.001,0.001,3
medrysone,0.003,0.001,0.0,0.0,0.0,0.0,3
meglitinide,0.911,0.963,0.162,0.309,0.394,0.938,3
meisoindigo,0.001,0.0,0.0,0.003,0.002,0.005,3
mek162,0.002,0.0,0.0,0.0,0.0,0.0,3
melatonin,0.341,0.302,0.037,0.517,0.702,0.522,3
meloxicam,0.836,0.678,0.322,0.035,0.07,0.057,2
melperone,0.415,0.498,0.263,0.539,0.698,0.815,3
menadione,0.558,0.395,0.077,0.048,0.248,0.0,2
mepacrine,0.279,0.297,0.276,0.304,0.41,0.0,3
mepazine,0.124,0.01,0.034,0.039,0.287,0.019,3
mephentermine,0.664,0.338,0.691,0.534,0.628,0.285,3
mepivacaine,0.421,0.148,0.008,0.0,0.001,0.0,4
mepyramine,0.15,0.011,0.033,0.105,0.018,0.347,2
merbarone,0.058,0.143,0.035,0.304,0.296,0.159,3
mericitabine,0.021,0.568,0.011,0.0,0.077,0.0,3
merimepodib,0.074,0.059,0.366,0.262,0.052,0.0,3
mestranol,0.097,0.992,0.053,0.405,0.045,0.302,3
mesulergine,0.688,0.165,0.322,0.256,0.086,0.38,3
metamizole,0.582,0.804,0.984,0.518,0.403,0.291,2
metatinib,0.0,0.065,0.038,0.02,0.02,0.0,3
metenkephalin,0.125,0.174,0.851,0.293,0.356,0.275,3
metergoline,0.006,0.848,0.098,0.465,0.081,0.001,3
metformin,0.44,0.227,0.133,0.351,0.348,0.552,2
methazolamide,0.142,0.352,0.033,0.957,0.062,0.084,3
methimazole,0.052,0.659,0.456,0.027,0.038,0.192,3
methiopril,0.049,0.674,0.0,0.007,0.351,0.008,3
methocarbamol,0.102,0.141,0.2,0.277,0.73,0.025,3
methoxsalen,0.247,0.982,0.877,0.328,0.708,0.11,3
methyldopa,0.281,0.302,0.636,0.551,0.955,0.981,3
methylnaltrexone,0.519,0.191,0.277,0.023,0.362,0.111,3
methylprednisolone,0.001,0.001,0.0,0.0,0.0,0.0,3
metixene,0.092,0.034,0.047,0.01,0.015,0.009,3
metoclopramide,0.66,0.346,0.19,0.174,0.324,0.313,2
metolazone,0.685,0.262,0.211,0.039,0.366,0.166,3
metoprolol,0.129,0.65,0.142,0.909,0.173,0.58,3
mf-101,0.26,0.79,0.891,0.085,0.319,0.738,3
mianserin,0.012,0.553,0.009,0.016,0.632,0.096,3
mibampator,0.208,0.268,0.365,0.418,0.545,0.02,3
mibefradil,0.049,0.005,0.008,0.223,0.001,0.001,3
miconazole,0.529,0.497,0.46,0.955,0.462,0.066,2
midodrine,0.116,0.026,0.011,0.041,0.159,0.128,3
midostaurin,0.012,0.01,0.0,0.2,0.0,0.0,3
mifobate,0.965,0.379,0.529,0.405,0.339,0.144,3
miglitol,0.049,0.078,0.606,0.59,0.25,0.153,3
milacemide,0.21,0.366,0.181,0.021,0.457,0.78,3
milnacipran,0.049,0.188,0.08,0.96,0.074,0.017,3
milrinone,0.003,0.024,0.204,0.299,0.08,0.571,3
minaprine,0.006,0.141,0.241,0.445,0.034,0.246,3
minoxidil,0.014,0.07,0.038,0.59,0.024,0.002,3
mirodenafil,0.939,0.599,0.124,0.988,0.003,0.057,3
mirtazapine,0.035,0.151,0.126,0.052,0.131,0.194,3
mitomycin-c,0.02,0.005,0.0,0.0,0.0,0.0,3
mk-0752,0.086,0.381,0.206,0.16,0.903,0.005,3
mk-0773,0.291,0.105,0.015,0.029,0.177,0.02,3
mk-0812,0.064,0.945,0.902,0.694,0.428,0.097,3
mk-0893,0.306,0.776,0.631,0.151,0.195,0.096,3
mk-2461,0.04,0.051,0.966,0.376,0.086,0.041,3
mk-3207,0.393,0.804,0.745,0.024,0.127,0.779,3
mk-8033,0.214,0.299,0.245,0.231,0.603,0.226,2
mk-8245,0.046,0.172,0.835,0.098,0.474,0.01,3
mln0128,0.0,0.0,0.0,0.0,0.0,0.0,3
mln2480,0.428,0.131,0.034,0.063,0.336,0.01,3
mln9708,0.221,0.072,0.0,0.0,0.0,0.0,3
moclobemide,0.3,0.037,0.081,0.021,0.234,0.357,3
molindone,0.131,0.626,0.908,0.909,0.163,0.912,3
molsidomine,0.801,0.942,0.962,0.0,0.027,0.01,3
moxidectin,0.172,0.86,0.032,0.271,0.327,0.109,3
moxifloxacin,0.709,0.378,0.474,0.435,0.405,0.238,3
moxisylyte,0.007,0.096,0.131,0.079,0.055,0.004,3
mozavaptan,0.009,0.325,0.077,0.065,0.822,0.0,3
mycophenolate-mofetil,0.044,0.044,0.001,0.012,0.001,0.014,3
mycophenolic-acid,0.027,0.264,0.087,0.016,0.002,0.008,3
n6022,0.194,0.927,0.259,0.052,0.015,0.032,3
nafamostat,0.04,0.011,0.076,0.272,0.365,0.009,3
naftidrofuryl,0.007,0.968,1.0,0.35,0.101,0.046,3
naftopidil,0.042,0.064,0.279,0.217,0.032,0.158,4
nalbuphine,0.918,0.727,0.413,0.121,0.696,0.722,2
naphazoline,0.299,0.536,0.46,0.524,0.276,0.128,2
naproxen,0.279,0.404,0.274,0.643,0.263,0.553,2
naringenin,0.286,0.727,0.011,0.211,0.056,0.125,3
narlaprevir,0.36,0.548,0.147,0.17,0.23,0.078,2
nateglinide,0.006,0.232,0.076,0.011,0.01,0.194,3
navitoclax,0.006,0.262,0.22,0.07,0.005,0.0,3
nebivolol,0.583,0.038,0.008,0.079,0.038,0.013,3
nefiracetam,0.25,0.282,0.82,0.693,0.501,0.575,2
nefopam,0.34,0.887,0.592,0.482,0.131,0.476,3
nelarabine,0.939,0.568,0.513,0.262,0.445,0.065,3
nemonapride,0.053,0.058,0.23,0.013,0.001,0.005,3
nepafenac,0.01,0.023,0.392,0.098,0.127,0.433,3
neratinib,0.064,0.06,0.02,0.016,0.003,0.0,3
nesbuvir,0.063,0.05,0.045,0.06,0.003,0.019,3
netupitant,0.381,0.159,0.024,0.636,0.093,0.126,3
nevirapine,0.411,0.392,0.275,0.561,0.589,0.729,2
niacin,0.113,0.464,0.018,0.915,0.074,0.95,3
nicaraven,0.027,0.399,0.542,0.153,0.561,0.553,3
nicardipine,0.012,0.065,0.113,0.033,0.092,0.06,3
nicergoline,0.871,0.876,0.454,0.959,0.108,0.159,2
nicotinamide,0.707,0.263,0.038,0.909,0.168,0.579,3
nicotine,0.274,0.006,0.042,0.035,0.04,0.141,3
niguldipine,0.506,0.58,0.511,0.092,0.256,0.833,3
nikethamide,0.289,0.666,0.226,0.088,0.412,0.237,2
nilotinib,0.341,0.871,0.926,0.101,0.061,0.008,3
nimesulide,0.802,0.918,0.837,0.69,0.122,0.143,2
nimodipine,0.092,0.706,0.66,0.512,0.056,0.289,3
nintedanib,0.213,0.537,0.967,0.308,0.845,0.013,3
nisoxetine,0.509,0.534,0.41,0.445,0.436,0.634,2
nitrendipine,0.002,0.889,0.642,0.869,0.279,0.141,3
nizofenone,0.16,0.134,0.404,0.396,0.207,0.031,2
nms-1286937,0.02,0.0,0.0,0.0,0.0,0.0,3
norethindrone,0.002,0.001,0.0,0.021,0.674,0.613,3
norethisterone,0.403,0.131,0.304,0.181,0.473,0.196,2
norfloxacin,0.032,0.383,0.066,0.058,0.196,0.007,2
norgestrel,0.003,0.044,0.018,0.001,0.01,0.629,3
nortriptyline,0.286,0.103,0.414,0.232,0.005,0.0,3
noscapine,0.23,0.07,0.155,0.111,0.157,0.374,3
novobiocin,0.337,0.135,0.885,0.019,0.822,0.029,3
nsi-189,0.845,0.782,0.706,0.861,0.445,0.287,2
nutlin-3,0.001,0.008,0.038,0.727,0.002,0.0,3
nvp-dpp728,0.066,0.531,0.653,0.762,0.101,0.137,2
nxy-059,0.82,0.852,0.197,0.731,0.47,0.084,3
o6-benzylguanine,0.25,0.377,0.413,0.395,0.14,0.068,2
odanacatib,0.011,0.312,0.08,0.188,0.375,0.046,3
ofloxacin,0.009,0.357,0.1,0.005,0.356,0.359,3
oglemilast,0.183,0.777,0.081,0.857,0.008,0.008,3
olaparib,0.478,0.642,0.562,0.654,0.003,0.022,3
olmesartan,0.134,0.172,0.441,0.62,0.731,0.066,2
omecamtiv-mecarbil,0.391,0.058,0.015,0.013,0.04,0.102,3
omeprazole,0.314,0.245,0.291,0.476,0.72,0.089,2
ondansetron,0.294,0.203,0.194,0.882,0.53,0.357,2
oprozomib,0.094,0.0,0.0,0.0,0.0,0.0,3
orantinib,0.197,0.078,0.209,0.365,0.056,0.158,2
ore1001,0.094,0.608,0.05,0.247,0.055,0.054,3
org-9768,0.489,0.447,0.015,0.903,0.429,0.236,3
orlistat,0.234,0.277,0.275,0.409,0.087,0.072,2
orphenadrine,0.987,1.0,0.935,0.943,0.28,0.399,2
orteronel,0.435,0.531,0.111,0.556,0.096,0.569,3
oseltamivir-carboxylate,0.519,0.855,0.508,0.314,0.318,0.038,3
ostarine,0.092,0.172,0.048,0.002,0.005,0.008,3
otamixaban,0.116,0.135,0.42,0.044,0.154,0.757,3
otilonium,0.137,0.024,0.001,0.032,0.799,0.2,3
ots167,0.002,0.0,0.0,0.0,0.0,0.0,2
oxandrolone,0.351,0.514,0.143,0.21,0.154,0.054,3
oxaprozin,0.313,0.28,0.053,0.152,0.18,0.125,2
oxatomide,0.385,0.74,0.872,0.592,0.345,0.019,4
oxfendazole,0.006,0.874,0.588,0.5,0.33,0.718,3
oxiconazole,0.374,0.177,0.032,0.019,0.016,0.022,3
oxiperomide,0.046,0.456,0.704,0.042,0.059,0.007,2
oxybenzone,0.692,0.625,0.303,0.708,0.026,0.055,3
oxybuprocaine,0.202,0.025,0.931,0.326,0.026,0.015,3
oxybutynin,0.083,0.059,0.147,0.075,0.056,0.094,3
oxymetazoline,0.337,0.064,0.763,0.497,0.883,0.537,2
oxypurinol,0.623,0.252,0.03,0.65,0.423,0.806,3
ozagrel,0.987,0.552,0.45,0.791,0.824,0.063,2
pa-824,0.296,0.046,0.697,0.329,0.247,0.551,3
paclitaxel,0.003,0.0,0.0,0.0,0.0,0.0,3
palbociclib,0.966,0.001,0.0,0.0,0.0,0.0,3
palmitoylethanolamide,0.0,0.22,0.966,0.901,0.062,0.31,3
palomid-529,0.057,0.025,0.619,0.405,0.871,0.066,3
palonosetron,0.169,0.049,0.038,0.057,0.019,0.144,3
palovarotene,0.006,0.001,0.0,0.0,0.0,0.0,3
papaverine,0.298,0.807,0.178,0.871,0.738,0.002,2
paracetamol,0.053,0.077,0.149,0.441,0.871,0.317,3
paroxetine,0.421,0.367,0.751,0.304,0.07,0.12,3
pasireotide,0.129,0.218,0.288,0.01,0.032,0.017,3
pazopanib,0.985,0.06,0.691,0.076,0.005,0.0,3
pazufloxacin,0.348,0.297,0.115,0.19,0.511,0.696,3
pd123319,0.858,0.319,0.513,0.27,0.033,0.113,3
pd153035,0.355,0.17,0.02,0.15,0.362,0.077,2
pelitinib,0.058,0.093,0.071,0.005,0.023,0.0,2
pemirolast,0.399,0.784,0.048,0.363,0.238,0.049,3
penfluridol,0.739,0.044,0.223,0.917,0.065,0.447,2
penicillin-v-potassium,0.267,0.171,0.071,0.034,0.433,0.465,2
pentamidine,0.044,0.072,0.618,0.001,0.0,0.0,3
pentoxifylline,0.259,0.273,0.957,0.021,0.256,0.038,3
perhexiline,0.904,0.263,0.912,0.445,0.112,0.004,3
pf-02545920,0.094,0.108,0.248,0.01,0.04,0.005,3
pf-03084014,0.022,0.383,0.154,0.093,0.103,0.071,2
pf-03758309,0.017,0.007,0.013,0.019,0.008,0.002,2
pf-03814735,0.202,0.012,0.0,0.0,0.0,0.0,3
pf-04136309,0.337,0.543,0.5,0.636,0.465,0.408,2
pf-04447943,0.032,0.115,0.647,0.378,0.382,0.608,2
pf-04457845,0.321,0.74,0.885,0.298,0.04,0.0,3
pf-04620110,0.491,0.016,0.011,0.184,0.66,0.977,3
pf-04691502,0.02,0.005,0.0,0.0,0.0,0.0,3
ph-797804,0.027,0.038,0.555,0.082,0.115,0.143,3
pha-848125,0.063,0.004,0.011,0.002,0.001,0.0,3
phenazone,0.148,0.883,0.527,0.231,0.666,0.039,3
phenformin,0.149,0.044,0.031,0.305,0.299,0.0,2
phensuximide,0.878,0.7,0.464,0.277,0.538,0.448,3
phentermine,0.223,0.026,0.024,0.041,0.164,0.128,3
phentolamine,0.806,0.004,0.799,0.507,0.452,0.191,3
phenylacetylglutamine,0.629,0.876,0.923,0.229,0.723,0.522,3
phenylbutazone,0.006,0.014,0.001,0.039,0.005,0.029,3
phenylbutyrate,0.899,0.472,0.0,0.0,0.154,0.066,3
phenylephrine,0.034,0.695,0.278,0.385,0.694,0.084,3
phenytoin,0.181,0.297,0.113,0.082,0.094,0.757,3
phorbol-myristate-acetate,0.0,0.0,0.0,0.0,0.0,0.0,3
physostigmine,0.284,0.377,0.161,0.953,0.194,0.096,2
pibenzimol,0.223,0.391,0.723,0.225,0.02,0.01,3
piclamilast,0.645,0.74,0.667,0.149,0.473,0.134,2
picolinic-acid,0.294,0.779,0.912,0.607,0.428,0.207,4
picotamide,0.124,0.221,0.011,0.31,0.027,0.197,3
piketoprofen,0.152,0.34,0.371,0.325,0.511,0.479,3
pilaralisib,0.687,0.999,1.0,0.987,0.545,0.055,3
pilocarpine,0.519,0.087,0.365,0.68,0.09,0.072,3
pimavanserin,0.112,0.129,0.041,0.03,0.074,0.0,3
pimecrolimus,0.476,0.026,0.001,0.0,0.158,0.005,3
pimobendan,0.223,0.418,0.411,0.058,0.783,0.329,2
pimozide,0.042,0.031,0.342,0.317,0.177,0.5,4
pinacidil,0.995,0.186,0.862,0.869,0.746,0.046,3
pinaverium,0.949,0.171,0.107,0.22,0.168,0.341,3
pinitol,0.191,0.088,0.015,0.304,0.298,0.264,3
pioglitazone,0.942,0.442,0.14,0.378,0.08,0.118,3
piperidolate,0.359,0.176,0.347,0.039,0.115,0.096,3
pirenoxine,0.609,0.132,0.345,0.883,0.44,0.847,3
pirenzepine,0.046,0.208,0.26,0.107,0.511,0.191,3
pirfenidone,0.493,0.331,0.386,0.386,0.216,0.392,3
piribedil,0.07,0.262,0.384,0.144,0.5,0.185,3
piroxicam,0.535,0.48,0.043,0.353,0.504,0.513,2
pitavastatin,0.111,0.143,0.034,0.913,0.003,0.0,3
pki-179,0.421,0.005,0.0,0.0,0.0,0.0,2
podophyllotoxin,0.0,0.0,0.0,0.0,0.0,0.001,3
pomalidomide,0.175,0.098,0.0,0.791,0.096,0.501,3
pramipexole,0.061,0.703,0.206,0.473,0.634,0.228,3
pranlukast,0.305,0.299,0.489,0.432,0.434,0.384,3
pravastatin,0.0,0.023,0.14,0.183,0.162,0.141,3
prazosin,0.138,0.867,0.774,0.277,0.599,0.923,3
prednisone,0.571,0.142,0.072,0.079,0.191,0.01,3
preladenant,0.589,0.2,0.182,0.316,0.194,0.345,2
primaquine,0.014,0.419,0.843,0.45,0.195,0.017,3
primidone,0.681,0.044,0.098,0.167,0.235,0.048,3
pritelivir,0.112,0.583,0.089,0.169,0.23,0.285,3
probenecid,0.357,0.2,0.588,0.395,0.378,0.195,3
probucol,0.008,0.143,0.971,0.015,0.25,0.029,3
procainamide,0.299,0.361,0.175,0.252,0.256,0.05,2
prochlorperazine,0.32,0.382,0.271,0.215,0.497,0.116,2
progesterone,0.02,0.129,0.065,0.358,0.058,0.38,3
proglumide,0.194,0.331,0.163,0.555,0.221,0.75,3
proguanil,0.048,0.044,0.051,0.32,0.472,0.737,3
propafenone,0.194,0.227,0.056,0.302,0.555,0.36,2
propentofylline,0.239,0.386,0.299,0.02,0.013,0.142,3
propranolol,0.223,0.058,0.418,0.569,0.102,0.09,3
protirelin,0.092,0.676,0.821,0.68,0.251,0.278,2
protriptyline,0.551,0.823,0.481,0.704,0.271,0.185,3
prx-08066,0.166,0.311,0.836,0.897,0.964,0.258,3
psi-6130,0.125,0.086,0.047,0.027,0.14,0.038,3
pterostilbene,0.73,0.017,0.944,0.053,0.028,0.048,3
pyrazinamide,0.297,0.058,0.038,0.031,0.008,0.227,3
pyrazinoylguanidine,0.027,0.143,0.121,0.023,0.158,0.067,3
quercetin,0.13,0.131,0.068,0.0,0.04,0.038,3
quetiapine,0.421,0.685,0.009,0.608,0.746,0.071,3
quiflapon,0.422,0.462,0.768,0.104,0.436,0.255,2
quinapril,0.064,0.008,0.002,0.01,0.003,0.013,3
quinidine,0.575,0.786,0.065,0.068,0.015,0.007,6
quizartinib,0.402,0.194,0.593,0.741,0.484,0.135,3
r-428,0.474,0.694,0.555,0.029,0.047,0.0,2
r547,0.094,0.186,0.0,0.0,0.0,0.0,3
rabeprazole,0.687,0.174,0.145,0.309,0.316,0.01,3
racecadotril,0.006,0.029,0.053,0.106,0.408,0.037,3
raclopride,0.174,0.378,0.673,0.139,0.087,0.414,3
radezolid,0.003,0.037,0.022,0.025,0.133,0.002,3
raf265,0.005,0.301,0.001,0.014,0.001,0.008,3
raloxifene,0.269,0.57,0.513,0.854,0.169,0.029,3
raltegravir,0.009,0.004,0.001,0.018,0.033,0.088,4
ramatroban,0.094,0.187,0.15,0.534,0.576,0.374,3
ramelteon,0.02,0.346,0.422,0.48,0.353,0.08,3
ramipril,0.027,0.2,0.288,0.685,0.075,0.169,3
ranitidine,0.743,0.004,0.061,0.371,0.005,0.001,3
ranolazine,0.156,0.906,0.623,0.512,0.09,0.21,3
rasagiline,0.194,0.19,0.078,0.291,0.386,0.01,2
rebamipide,0.066,0.442,0.234,0.704,0.415,0.073,3
reboxetine,0.276,0.37,0.175,0.276,0.351,0.422,3
refametinib,0.726,0.239,0.114,0.003,0.002,0.0,2
regadenoson,0.268,0.109,0.891,0.692,0.417,0.364,2
regorafenib,0.084,0.723,0.338,0.54,0.003,0.0,3
relcovaptan,0.193,0.465,0.877,0.637,0.184,0.131,3
repaglinide,0.001,0.006,0.002,0.0,0.028,0.019,3
reparixin,0.624,0.776,0.422,0.395,0.772,0.617,2
resatorvid,0.048,0.171,0.736,0.013,0.07,0.018,3
reserpine,0.267,0.666,0.21,0.498,0.659,0.889,2
resiquimod,0.422,0.495,0.489,0.667,0.217,0.134,2
resminostat,0.02,0.277,0.055,0.0,0.0,0.0,3
resveratrol,0.031,0.23,0.41,0.664,0.982,0.403,2
retapamulin,0.19,0.398,0.858,0.235,0.795,0.022,3
retigabine,0.116,0.336,0.44,0.31,0.086,0.071,3
rg-7388,0.396,0.591,0.276,0.0,0.001,0.0,2
rg2833,0.152,0.44,0.327,0.028,0.005,0.0,3
rg4733,0.02,0.07,0.053,0.009,0.013,0.199,3
ribavirin,0.19,0.524,0.181,0.386,0.07,0.638,3
rifabutin,0.765,0.992,0.939,0.188,0.061,0.001,3
rifaximin,0.012,0.645,0.327,0.433,0.377,0.555,3
rilmenidine,0.126,0.617,0.253,0.152,0.741,0.462,2
rilpivirine,0.852,0.574,0.262,0.573,0.389,0.097,2
rimantadine,0.377,0.067,0.004,0.01,0.08,0.288,3
rimcazole,0.003,0.818,0.058,0.582,0.028,0.001,3
rimexolone,0.0,0.023,0.0,0.0,0.0,0.005,3
rimonabant,0.3,0.024,0.763,0.834,0.393,0.128,3
riociguat,0.313,0.024,0.011,0.09,0.003,0.081,3
ripasudil,0.454,0.282,0.31,0.616,0.009,0.99,3
risperidone,0.494,0.548,0.737,0.007,0.182,0.072,3
ritodrine,0.246,0.171,0.382,0.473,0.545,0.518,3
rivaroxaban,0.026,0.51,0.433,0.962,0.979,0.94,3
rizatriptan,0.141,0.931,0.043,0.186,0.059,0.0,2
ro-4987655,0.017,0.005,0.001,0.0,0.0,0.0,2
rociletinib,0.764,0.01,0.923,0.333,0.001,0.0,3
rocuronium,0.816,0.23,0.038,0.1,0.383,0.238,3
roflumilast,0.08,0.038,0.02,0.055,0.024,0.184,4
rolipram,0.068,0.58,0.07,0.476,0.312,0.987,3
romidepsin,0.0,0.0,0.0,0.0,0.0,0.0,3
ropinirole,0.734,0.911,0.236,0.396,0.545,0.013,3
roquinimex,0.318,0.054,0.085,0.035,0.089,0.171,4
roscovitine,0.128,0.023,0.003,0.16,0.01,0.002,3
rosiglitazone,0.096,0.085,0.002,0.074,0.128,0.048,3
rosuvastatin,0.853,0.762,0.003,0.012,0.005,0.033,3
rotigotine,0.821,0.02,0.353,0.004,0.67,0.32,3
rottlerin,0.2,0.297,0.208,0.042,0.156,0.16,4
rotundine,0.135,0.011,0.173,0.174,0.034,0.42,3
roxithromycin,0.367,0.626,0.407,0.253,0.181,0.049,3
rs-127445,0.834,0.209,0.489,0.127,0.179,0.392,2
ru-58841,0.532,0.282,0.771,0.606,0.276,0.144,3
rucinol,0.27,0.206,0.611,0.131,0.324,0.345,2
rupatadine,0.495,0.0,0.691,0.0,0.0,0.038,3
rutin,0.594,0.842,0.787,0.216,0.229,0.194,2
s18986,0.45,0.353,0.307,0.328,0.576,0.179,3
safinamide,0.234,0.259,0.117,0.474,0.163,0.483,2
salvinorin-a,0.411,0.115,0.818,0.04,0.5,0.554,3
saquinavir,0.933,0.529,0.875,0.225,0.355,0.02,3
saracatinib,0.147,0.087,0.013,0.0,0.0,0.0,3
sarcosine,0.083,0.101,0.433,0.523,0.074,0.177,3
sasapyrine,0.835,0.801,0.015,0.22,0.628,0.192,3
saxagliptin,0.02,0.219,0.025,0.027,0.005,0.336,3
sb-683698,0.039,0.669,0.021,0.065,0.347,0.097,3
sb-705498,0.499,0.51,0.552,0.469,0.563,0.0,2
sb-743921,0.0,0.0,0.0,0.0,0.0,0.0,3
sb-756050,0.641,0.514,0.119,0.914,0.378,0.149,3
sb-939,0.027,0.0,0.0,0.0,0.0,0.0,3
sc-12267,0.447,0.324,0.438,0.232,0.283,0.167,3
scopolamine,0.252,0.715,0.015,0.012,0.09,0.004,3
sdz-nkt-343,0.299,0.913,0.389,0.058,0.815,0.023,2
secnidazole,0.201,0.044,0.021,0.908,0.219,0.075,3
selamectin,0.523,0.422,0.038,0.001,0.003,0.008,3
selegiline,0.11,0.904,0.076,0.117,0.445,0.394,2
selumetinib,0.005,0.0,0.0,0.0,0.0,0.0,3
semagacestat,0.223,0.099,0.018,0.012,0.08,0.267,3
semaxanib,0.014,0.004,0.011,0.012,0.009,0.038,3
senicapoc,0.091,0.242,0.096,0.211,0.311,0.086,3
seocalcitol,0.437,0.055,0.117,0.028,0.003,0.097,3
sep-227900,0.987,0.746,0.831,0.283,0.983,0.679,3
sertaconazole,0.565,0.087,0.278,0.625,0.058,0.0,2
sertindole,0.105,0.343,0.307,0.602,0.002,0.0,3
sertraline,0.379,0.087,0.048,0.408,0.086,0.001,3
setiptiline,0.017,0.96,0.038,0.049,0.186,0.177,3
sgi-1776,0.012,0.008,0.0,0.001,0.002,0.0,3
siguazodan,0.488,0.171,0.14,0.564,0.628,0.099,3
sildenafil,0.032,0.302,0.445,0.606,0.39,0.14,2
simeprevir,0.494,0.044,0.141,0.114,0.027,0.009,3
simvastatin,0.106,0.382,0.794,0.003,0.621,0.0,3
sirolimus,0.0,0.0,0.003,0.002,0.003,0.0,2
sk&f-10047-(+),0.49,0.572,0.415,0.997,0.524,0.043,3
snx-2112,0.494,0.378,0.0,0.0,0.0,0.0,3
sobetirome,0.166,0.653,0.759,0.728,0.357,0.608,3
sodium-gualenate,0.04,0.0,0.0,0.021,0.008,0.005,3
sodium-tanshinone-ii-a-sulfonate,0.08,0.135,0.141,0.309,0.189,0.047,3
sofalcone,0.053,0.856,0.529,0.433,0.09,0.109,3
sofosbuvir,0.322,0.673,0.737,0.0,0.362,0.206,3
solifenacin-succinate,0.339,0.397,0.933,0.081,0.382,0.019,3
sorbinil,0.301,0.48,0.471,0.643,0.258,0.8,2
sorbitol,0.121,0.219,0.173,0.025,0.736,0.105,3
sotalol,0.014,0.034,0.031,0.106,0.189,0.049,3
sotrastaurin,0.005,0.158,0.053,0.003,0.003,0.001,3
sparfloxacin,0.009,0.009,0.248,0.016,0.001,0.976,3
spironolactone,0.063,0.069,0.03,0.107,0.054,0.001,3
sr-2640,0.307,0.084,0.874,0.144,0.289,0.116,3
sr-33805,0.66,0.658,0.673,0.589,0.744,0.005,3
sta-5326,0.04,0.008,0.0,0.0,0.0,0.002,3
stavudine,0.296,0.776,0.423,0.075,0.542,0.158,3
su014813,0.27,0.254,0.257,0.216,0.345,0.105,2
sulbactam,0.987,0.876,0.008,0.116,0.431,0.652,3
sulbutiamine,0.419,0.15,0.545,0.111,0.316,0.005,3
sulfafurazole,0.227,0.321,0.772,0.73,0.441,0.128,3
sulfasalazine,0.052,0.06,0.505,0.17,0.218,0.558,2
sulforaphane,0.411,0.653,0.531,0.71,0.12,0.135,2
sumatriptan,0.047,0.072,0.001,0.42,0.784,0.697,3
sunitinib,0.005,0.339,0.0,0.0,0.0,0.0,3
suprofen,0.13,0.142,0.636,0.262,0.005,0.04,3
suvorexant,0.564,0.439,0.402,0.883,0.378,0.27,3
swainsonine,0.095,0.928,0.298,0.191,0.263,0.152,3
t-5224,0.201,0.078,0.372,0.757,0.872,0.876,3
tacalcitol,0.019,0.029,0.359,0.034,0.003,0.019,3
tacedinaline,0.299,0.651,0.012,0.098,0.014,0.0,2
tacrine,0.231,0.669,0.003,0.405,0.209,0.189,3
tacrolimus,0.59,0.654,0.082,0.449,0.089,0.357,2
tadalafil,0.405,0.52,0.867,0.185,0.221,0.32,3
tafamidis-meglumine,0.242,0.02,0.117,0.192,0.03,0.04,3
tagatose,0.176,0.651,0.374,0.739,0.785,0.418,2
tak-285,0.102,0.966,0.017,0.883,0.001,0.046,3
tak-733,0.0,0.0,0.0,0.0,0.0,0.0,3
tak-875,0.239,0.37,0.256,0.473,0.191,0.093,3
taladegib,0.407,0.333,0.489,0.78,0.633,0.023,2
talazoparib,0.499,0.286,0.431,0.122,0.186,0.052,2
talinolol,0.189,0.159,0.365,0.357,0.096,0.316,3
talmapimod,0.386,0.066,0.022,0.418,0.077,0.04,3
talnetant,0.965,0.786,0.638,0.033,0.437,0.038,3
taltirelin,0.083,0.044,0.772,0.429,0.846,0.105,3
tamibarotene,0.019,0.008,0.001,0.003,0.001,0.009,3
tamoxifen,0.546,0.681,0.523,0.529,0.593,0.154,2
tamsulosin,0.763,0.6,0.084,0.405,0.782,0.418,2
tanaproget,0.494,0.349,0.006,0.001,0.005,0.001,3
taranabant,0.004,0.008,0.034,0.183,0.051,0.11,3
targinine,0.252,0.199,0.108,0.787,0.629,0.145,3
tas-103,0.0,0.0,0.0,0.0,0.0,0.0,3
taselisib,0.142,0.121,0.005,0.003,0.001,0.0,3
tasisulam,0.121,0.689,0.498,0.007,0.877,0.005,3
tasquinimod,0.098,0.174,0.038,0.183,0.133,0.084,3
tazobactam,0.392,0.918,0.848,0.065,0.009,0.009,3
tebipenem,0.347,0.443,0.216,0.442,0.49,0.216,2
tecastemizole,0.552,0.37,0.685,0.999,0.951,0.634,3
tedizolid,0.097,0.302,0.276,0.01,0.005,0.054,3
tegobuvir,0.005,0.207,0.197,0.122,0.362,0.509,3
telatinib,0.885,0.963,0.516,0.858,0.495,0.844,2
telbivudine,0.467,0.828,0.423,0.701,0.395,0.043,3
telcagepant,0.282,0.382,0.259,0.167,0.064,0.054,3
telmesteine,0.112,0.03,0.818,0.262,0.102,0.323,3
telmisartan,0.297,0.037,0.065,0.691,0.1,0.159,2
telotristat,0.529,0.445,0.508,0.408,0.412,0.309,2
temazepam,0.433,0.481,0.312,0.38,0.101,0.631,3
temozolomide,0.036,0.594,0.804,0.998,0.006,0.043,3
temsirolimus,0.0,0.0,0.0,0.0,0.0,0.0,3
teneligliptin,0.434,0.849,0.296,0.415,0.158,0.443,3
tenidap,0.652,0.136,0.02,0.514,0.019,0.007,2
terbinafine,0.014,0.022,0.039,0.002,0.001,0.008,3
teroxirone,0.576,0.259,0.332,0.643,0.134,0.056,2
tesaglitazar,0.802,0.258,0.252,0.061,0.245,0.121,2
testosterone,0.014,0.101,0.055,0.031,0.256,0.063,3
tetrabenazine,0.291,0.509,0.504,0.432,0.696,0.661,2
tetracaine,0.327,0.892,0.439,0.119,0.452,0.169,3
tetrahydrouridine,0.117,0.352,0.613,0.0,0.047,0.002,2
tetrindole,0.761,0.911,0.336,0.68,0.023,0.069,2
tg-100801,0.206,0.27,0.252,0.374,0.055,0.012,2
thalidomide,0.7,0.309,0.332,0.792,0.14,0.852,2
theobromine,0.006,0.041,0.598,0.085,0.442,0.144,3
theophylline,0.194,0.055,0.544,0.926,0.521,0.419,3
thiocolchicoside,0.24,0.925,0.878,0.301,0.532,0.316,3
thioctic-acid,0.809,0.085,0.406,0.111,0.003,0.072,3
thioguanine,0.35,0.999,0.695,0.029,0.001,0.0,3
thiomersal,0.201,0.03,0.119,0.025,0.0,0.0,3
thioridazine,0.297,0.585,0.644,0.232,0.118,0.0,2
thiothixene,0.266,0.163,0.015,0.036,0.003,0.0,3
tiagabine,0.147,0.124,0.278,0.208,0.836,0.873,3
tiapride,0.277,0.178,0.032,0.386,0.376,0.125,3
tic10,0.02,0.07,0.008,0.916,0.279,0.01,3
ticagrelor,0.146,0.63,0.437,0.361,0.554,0.093,2
ticlopidine,0.494,0.26,0.017,0.686,0.549,0.618,3
tiludronate,0.148,0.005,0.992,0.119,0.365,0.252,3
timolol,0.853,0.741,0.613,0.347,0.271,0.056,3
timonacic,0.147,0.65,0.697,0.256,0.091,0.65,3
tioconazole,0.224,0.098,0.41,0.119,0.885,0.004,3
tioguanine,0.463,0.227,0.183,0.231,0.002,0.0,2
tipifarnib-P2,0.006,0.174,0.363,0.039,0.006,0.008,3
tipiracil,0.782,0.171,0.013,0.063,0.013,0.209,3
tirasemtiv,0.88,0.133,0.907,0.117,0.154,0.711,3
tirofiban,0.656,0.823,0.077,0.021,0.317,0.113,3
tivantinib,0.504,0.852,0.111,0.001,0.0,0.0,3
tivozanib,0.009,0.085,0.018,0.149,0.002,0.005,3
tizanidine,0.169,0.086,0.716,0.144,0.144,0.033,3
tobramycin,0.055,0.143,0.347,0.604,0.015,0.143,3
tofacitinib,0.066,0.567,0.004,0.009,0.0,0.105,2
tolazamide,0.627,0.105,0.465,0.016,0.087,0.063,3
tolbutamide,0.686,0.176,0.278,0.899,0.814,0.141,3
tolcapone,0.012,0.038,0.356,0.269,0.191,0.03,3
tolfenamic-acid,0.506,0.024,0.161,0.402,0.772,0.259,3
tolnaftate,0.102,0.307,0.028,0.005,0.004,0.0,3
tolperisone,0.18,0.016,0.26,0.252,0.487,0.799,2
tolvaptan,0.247,0.273,0.011,0.118,0.003,0.003,3
topiramate,0.039,0.392,0.32,0.209,0.404,0.208,2
torasemide,0.245,0.456,0.845,0.524,0.73,0.183,3
torcetrapib,0.616,0.066,0.058,0.083,0.905,0.009,3
torcitabine,0.106,0.966,0.812,0.079,0.408,0.073,3
tosedostat,0.003,0.037,0.0,0.001,0.001,0.001,3
tozasertib,0.082,0.051,0.0,0.003,0.001,0.05,3
tracazolate,0.273,0.861,0.649,0.191,0.979,0.194,3
tramiprosate,0.309,0.436,0.094,0.021,0.02,0.075,3
tranilast,0.121,0.429,0.002,0.196,0.794,0.038,3
trapidil,0.691,0.625,0.155,0.271,0.189,0.165,3
travoprost,0.183,0.025,0.058,0.191,0.38,0.316,3
trazodone,0.002,0.024,0.0,0.003,0.23,0.228,3
trehalose,0.014,0.042,0.783,0.002,0.003,0.013,3
triamcinolone,0.266,0.605,0.001,0.04,0.001,0.038,3
triamcinolone-acetonide,0.012,0.001,0.038,0.001,0.001,0.001,3
triamterene,0.132,0.174,0.038,0.277,0.027,0.0,3
triclabendazole,0.668,0.723,0.422,0.712,0.027,0.051,2
triclosan,0.124,0.497,0.347,0.075,0.121,0.0,3
triflupromazine,0.315,0.058,0.024,0.032,0.083,0.024,3
trifluridine,0.754,0.528,0.034,0.0,0.0,0.0,3
trilostane,0.245,0.835,0.0,0.089,0.035,0.11,3
trimebutine,0.092,0.024,0.015,0.023,0.874,0.731,3
trimetazidine,0.309,0.174,0.405,0.257,0.234,0.024,3
trimethoprim,0.711,0.402,0.467,0.177,0.293,0.133,2
trimipramine,0.097,0.041,0.094,0.974,0.228,0.025,3
triptorelin,0.094,0.228,0.72,0.423,0.522,0.214,2
troglitazone,0.006,0.9,0.163,0.169,0.008,0.005,3
trovafloxacin,0.469,0.811,0.971,0.86,0.006,0.004,3
tyrphostin-1,0.064,0.626,0.411,0.402,0.081,0.143,3
uk-383367,0.477,0.37,0.754,0.428,0.457,0.005,3
ulipristal,0.575,0.6,0.082,0.208,0.11,0.27,2
umeclidinium,0.796,0.683,0.921,0.78,0.614,0.229,2
urapidil,0.128,0.006,0.045,0.152,0.04,0.078,3
ursodeoxycholyltaurine,0.764,0.372,0.278,0.543,0.924,0.183,3
ursodiol,0.034,0.014,0.575,0.866,0.07,0.054,3
ursolic-acid,0.567,0.076,0.413,0.068,0.072,0.004,2
valdecoxib,0.224,0.548,0.365,0.814,0.078,0.257,3
valproic-acid,0.015,0.218,0.003,0.943,0.052,0.216,3
valrubicin,0.949,0.844,0.004,0.0,0.0,0.0,3
valsartan,0.502,0.844,0.839,0.214,0.946,0.929,3
vandetanib,0.115,0.283,0.055,0.136,0.001,0.001,3
vanoxerine,0.626,0.047,0.011,0.005,0.493,0.038,3
vardenafil,0.143,0.2,0.072,0.003,0.174,0.91,3
varenicline,0.057,0.135,0.619,0.477,0.045,0.815,3
varespladib,0.334,0.072,0.053,0.987,0.008,0.069,2
veliparib,0.014,0.811,0.392,0.972,0.308,0.423,3
vemurafenib,0.012,0.226,0.275,0.457,0.085,0.01,3
venlafaxine,1.0,0.94,0.236,0.005,0.978,0.992,3
verapamil,0.233,0.172,0.392,0.786,0.026,0.049,3
vgx-1027,0.318,0.067,0.296,0.601,0.306,0.29,3
vicriviroc,0.336,0.524,0.414,0.167,0.191,0.366,3
vidarabine,0.048,0.803,0.896,0.463,0.924,0.156,3
vilazodone,0.049,0.664,0.055,0.077,0.109,0.086,3
vinburnine,0.571,0.029,0.552,0.687,0.151,0.128,3
vinpocetine,0.351,0.157,0.0,0.042,0.809,0.152,3
vismodegib,0.346,0.678,0.996,0.564,0.191,0.599,3
voglibose,0.222,0.764,0.154,0.913,0.941,0.099,3
volasertib,0.0,0.0,0.0,0.0,0.0,0.0,3
voreloxin,0.039,0.066,0.001,0.002,0.011,0.054,3
voriconazole,0.377,0.317,0.132,0.238,0.457,0.035,3
vortioxetine,0.044,0.132,0.001,0.053,0.206,0.007,3
voxtalisib,0.904,0.828,0.379,0.008,0.002,0.0,3
vt-464,0.005,0.545,0.939,0.339,0.231,0.028,3
vtp-27999,0.723,0.496,0.874,0.716,0.186,0.015,3
vx-222,0.449,0.918,0.396,0.084,0.519,0.191,3
vx-661,0.027,0.125,0.556,0.211,0.134,0.054,2
vx-765,0.002,0.066,0.119,0.074,0.494,0.011,3
vx-809,0.23,0.157,0.497,0.17,0.026,0.0,2
xaliproden,0.358,0.269,0.508,0.155,0.125,0.516,2
xbd173,0.876,0.527,0.572,0.94,0.078,0.015,3
xl888,0.002,0.0,0.0,0.0,0.0,0.0,3
yohimbine,0.122,0.652,0.39,0.522,0.168,0.202,2
z160,0.582,0.719,0.826,0.628,0.18,0.006,3
zafirlukast,0.203,0.29,0.62,0.088,0.586,0.005,2
zalcitabine,0.335,0.417,0.043,0.344,0.003,0.143,3
zaldaride,0.341,0.111,0.672,0.913,0.922,0.0,3
zaleplon,0.138,0.124,0.505,0.943,0.352,0.708,3
zaprinast,0.049,0.036,0.257,0.068,0.119,0.007,2
zardaverine,0.003,0.029,0.912,0.022,0.632,0.893,3
zd-7114,0.469,0.667,0.216,0.378,0.081,0.0,2
zidovudine,0.005,0.288,0.058,0.041,0.074,0.057,3
ziprasidone,0.358,0.341,0.073,0.444,0.018,0.357,2
zk-200775,0.605,0.463,0.812,0.796,0.518,0.944,2
zk811752,0.123,0.522,0.016,0.005,0.002,0.0,2
zofenopril-calcium,0.55,0.728,0.226,0.068,0.399,0.747,2
zolpidem,0.744,0.552,0.683,0.602,0.224,0.102,2
zonisamide,0.236,0.291,0.277,0.901,0.641,0.729,2
zosuquidar,0.02,0.037,0.015,0.004,0.195,0.024,3
