cpd,dose_1,dose_2,dose_3,dose_4,dose_5,dose_6,no_of_replicates
17-hydroxyprogesterone-caproate,0.002,0.101,0.528,0.537,0.496,0.393,5
2-iminobiotin,0.526,0.559,0.533,0.429,0.496,0.677,5
3-amino-benzamide,0.546,0.054,0.5,0.551,0.488,0.077,5
3-deazaadenosine,0.554,0.584,0.542,0.553,0.496,0.663,5
abacavir,0.472,0.581,0.407,0.551,0.483,0.639,5
abiraterone-acetate,0.062,0.0,0.544,0.536,0.481,0.0,5
abt-202,0.552,0.576,0.546,0.544,0.545,0.675,5
abt-239,0.256,0.0,0.0,0.553,0.496,0.679,5
abt-724,0.55,0.576,0.376,0.562,0.488,0.677,5
acarbose,0.386,0.34,0.273,0.501,0.489,0.58,4
acebutolol,0.599,0.159,0.576,0.007,0.013,0.292,5
acecainide,0.0,0.0,0.005,0.004,0.005,0.004,5
acenocoumarol,0.495,0.576,0.281,0.554,0.492,0.677,5
acetazolamide,0.543,0.514,0.51,0.518,0.503,0.568,2
acetylcysteine,0.316,0.568,0.334,0.542,0.497,0.625,5
acexamic-acid,0.553,0.591,0.54,0.551,0.481,0.657,5
acifran,0.548,0.036,0.379,0.565,0.48,0.673,5
acipimox,0.552,0.581,0.544,0.546,0.408,0.004,5
acivicin,0.351,0.149,0.538,0.0,0.279,0.459,5
aclidinium,0.554,0.549,0.53,0.309,0.432,0.406,5
acrivastine,0.39,0.571,0.548,0.544,0.48,0.69,5
actarit,0.553,0.454,0.551,0.543,0.497,0.373,5
acy-1215,0.546,0.581,0.546,0.554,0.019,0.0,5
adapalene,0.221,0.003,0.33,0.411,0.436,0.001,5
adarotene,0.123,0.127,0.525,0.001,0.314,0.001,4
adatanserin,0.554,0.627,0.546,0.128,0.487,0.663,5
adenosine,0.497,0.141,0.481,0.555,0.479,0.464,4
adoprazine,0.545,0.588,0.051,0.236,0.213,0.358,5
afatinib,0.549,0.581,0.542,0.551,0.402,0.0,5
afloqualone,0.552,0.567,0.528,0.543,0.533,0.565,5
agi-5198,0.552,0.36,0.474,0.024,0.086,0.241,5
agi-6780,0.107,0.576,0.544,0.11,0.347,0.62,5
agomelatine,0.448,0.576,0.008,0.363,0.484,0.677,5
agp-103,0.543,0.568,0.593,0.578,0.578,0.724,5
alaproclate,0.357,0.524,0.519,0.489,0.354,0.591,5
albendazole,0.55,0.574,0.274,0.261,0.218,0.459,5
alectinib,0.554,0.567,0.554,0.534,0.43,0.0,5
alisertib,0.054,0.01,0.002,0.001,0.002,0.015,5
aliskiren,0.55,0.586,0.547,0.551,0.499,0.675,5
alizapride,0.22,0.195,0.01,0.519,0.438,0.486,4
allopurinol,0.554,0.599,0.528,0.501,0.526,0.679,5
almitrine,0.545,0.552,0.373,0.546,0.453,0.586,5
almorexant,0.552,0.581,0.453,0.554,0.327,0.509,5
altanserin,0.224,0.322,0.172,0.208,0.018,0.59,4
altrenogest,0.001,0.386,0.513,0.028,0.483,0.644,5
altretamine,0.004,0.005,0.545,0.003,0.497,0.237,5
alvespimycin,0.116,0.105,0.129,0.215,0.177,0.551,5
alvimopan,0.0,0.0,0.162,0.0,0.0,0.0,5
alvocidib,0.0,0.0,0.0,0.0,0.0,0.0,5
am-24,0.55,0.055,0.026,0.562,0.487,0.696,5
amantadine,0.554,0.395,0.602,0.527,0.5,0.686,5
ambrisentan,0.535,0.535,0.527,0.516,0.507,0.577,2
ambroxol,0.553,0.584,0.215,0.506,0.227,0.69,5
amd11070,0.543,0.514,0.501,0.501,0.507,0.573,2
amg-208,0.003,0.0,0.0,0.357,0.0,0.0,5
amg-232,0.344,0.567,0.014,0.0,0.0,0.0,5
amg-517,0.0,0.001,0.0,0.0,0.0,0.657,5
amikacin,0.556,0.609,0.536,0.56,0.436,0.643,5
amiloride,0.602,0.004,0.103,0.275,0.007,0.02,5
aminocaproic-acid,0.616,0.591,0.577,0.544,0.503,0.004,5
aminoglutethimide,0.478,0.549,0.543,0.239,0.467,0.685,5
aminoguanidine,0.493,0.565,0.465,0.502,0.408,0.669,5
aminolevulinic-acid,0.54,0.126,0.014,0.0,0.496,0.516,5
aminosalicylic-acid,0.55,0.576,0.29,0.56,0.3,0.677,5
amiodarone,0.057,0.007,0.546,0.0,0.486,0.0,5
amiprilose,0.34,0.421,0.479,0.559,0.386,0.634,5
amitifadine,0.552,0.51,0.247,0.553,0.017,0.0,5
amlexanox,0.55,0.326,0.419,0.43,0.496,0.686,5
amlodipine,0.193,0.588,0.172,0.559,0.017,0.686,5
ammonium-glycyrrhizinate,0.248,0.563,0.19,0.406,0.516,0.257,5
amonafide,0.553,0.584,0.542,0.004,0.0,0.0,5
amoxapine,0.306,0.439,0.335,0.016,0.152,0.551,4
ampalex,0.554,0.329,0.41,0.396,0.362,0.626,5
amrinone,0.552,0.576,0.528,0.551,0.488,0.015,5
amsacrine,0.0,0.0,0.0,0.0,0.0,0.0,5
amtolmetin-guacil,0.553,0.598,0.528,0.573,0.486,0.004,5
amuvatinib,0.553,0.569,0.008,0.0,0.0,0.0,5
anamorelin,0.465,0.003,0.199,0.441,0.02,0.397,4
anandamide,0.535,0.534,0.508,0.512,0.48,0.574,2
andrographolide,0.547,0.609,0.546,0.083,0.515,0.002,5
anecortave-acetate,0.553,0.001,0.546,0.001,0.471,0.406,5
anidulafungin,0.552,0.403,0.536,0.537,0.484,0.66,5
aniracetam,0.552,0.576,0.528,0.571,0.521,0.707,5
anisodamine,0.004,0.603,0.528,0.569,0.472,0.286,5
ap26113,0.544,0.23,0.0,0.586,0.347,0.58,5
apafant,0.545,0.162,0.02,0.535,0.498,0.675,5
apd668,0.545,0.581,0.536,0.485,0.497,0.263,5
aphidicolin,0.0,0.0,0.0,0.0,0.0,0.0,5
api-001,0.544,0.581,0.534,0.544,0.408,0.63,5
apixaban,0.306,0.296,0.544,0.562,0.011,0.0,5
apocynin,0.544,0.584,0.546,0.551,0.497,0.686,5
apremilast,0.471,0.643,0.542,0.506,0.457,0.675,5
aprepitant,0.55,0.576,0.577,0.545,0.275,0.0,5
arbutin,0.554,0.581,0.537,0.534,0.344,0.677,5
argatroban,0.544,0.581,0.536,0.554,0.484,0.681,5
arglabin,0.195,0.552,0.546,0.564,0.545,0.0,5
aripiprazole,0.613,0.581,0.577,0.576,0.189,0.659,5
arofylline,0.042,0.583,0.329,0.59,0.004,0.679,5
arry-334543,0.445,0.003,0.525,0.569,0.478,0.015,5
artesunate,0.552,0.0,0.523,0.551,0.0,0.0,5
asa-404,0.224,0.586,0.023,0.03,0.497,0.675,5
asc-j9,0.102,0.583,0.55,0.562,0.049,0.621,5
asenapine,0.552,0.399,0.0,0.0,0.245,0.686,5
aspirin,0.009,0.569,0.528,0.551,0.481,0.677,5
at13387,0.553,0.508,0.03,0.024,0.044,0.124,5
ataluren,0.0,0.012,0.41,0.553,0.486,0.677,5
atenolol,0.546,0.501,0.523,0.002,0.502,0.688,5
atipamezole,0.551,0.504,0.492,0.496,0.508,0.572,2
atn-161,0.441,0.298,0.513,0.441,0.245,0.629,4
atomoxetine,0.153,0.003,0.0,0.002,0.049,0.0,5
atorvastatin,0.553,0.583,0.342,0.554,0.018,0.002,5
atracurium,0.0,0.565,0.046,0.001,0.463,0.0,5
atrasentan,0.55,0.454,0.214,0.533,0.194,0.679,5
av-608,0.56,0.64,0.427,0.208,0.402,0.21,5
avagacestat,0.02,0.036,0.001,0.553,0.484,0.648,5
avanafil,0.01,0.584,0.542,0.562,0.476,0.62,5
avasimibe,0.003,0.576,0.523,0.551,0.496,0.0,5
avl-292,0.048,0.565,0.399,0.562,0.002,0.0,5
avn-944,0.554,0.586,0.001,0.0,0.0,0.0,5
azacitidine,0.009,0.105,0.0,0.0,0.0,0.0,5
azathioprine,0.475,0.581,0.17,0.009,0.004,0.639,5
azd1208,0.031,0.012,0.013,0.604,0.484,0.679,5
azd1480,0.563,0.576,0.546,0.551,0.492,0.0,5
azd1981,0.544,0.584,0.532,0.551,0.483,0.677,5
azd2014,0.55,0.571,0.308,0.192,0.217,0.438,5
azd3514,0.553,0.576,0.534,0.551,0.476,0.006,5
azd4547,0.204,0.588,0.551,0.565,0.48,0.675,5
azd5363,0.552,0.581,0.452,0.473,0.007,0.006,5
azd7545,0.55,0.552,0.226,0.544,0.427,0.0,5
azd7687,0.497,0.514,0.51,0.551,0.497,0.692,5
azd7762,0.526,0.004,0.0,0.0,0.0,0.0,5
azd8931,0.551,0.603,0.545,0.551,0.498,0.66,5
azd9668,0.556,0.584,0.312,0.382,0.496,0.677,5
azelaic-acid,0.526,0.568,0.014,0.552,0.483,0.691,5
azelastine,0.554,0.524,0.547,0.569,0.479,0.014,5
balaglitazone,0.522,0.534,0.368,0.502,0.435,0.54,4
balapiravir,0.544,0.578,0.528,0.562,0.376,0.679,5
balicatib,0.552,0.581,0.545,0.554,0.496,0.686,5
balsalazide,0.603,0.562,0.564,0.551,0.557,0.652,2
bambuterol,0.553,0.017,0.41,0.135,0.046,0.675,5
bardoxolone-methyl,0.55,0.576,0.482,0.439,0.31,0.382,5
basimglurant,0.086,0.581,0.008,0.396,0.0,0.586,5
batimastat,0.476,0.516,0.424,0.485,0.376,0.587,5
bavisant,0.533,0.585,0.526,0.554,0.496,0.666,5
bay-87-2243,0.394,0.329,0.443,0.161,0.173,0.174,5
bazedoxifene,0.553,0.077,0.049,0.0,0.475,0.0,5
bci-540,0.077,0.065,0.003,0.509,0.492,0.68,5
beclomethasone-dipropionate,0.479,0.564,0.533,0.531,0.512,0.684,5
belinostat,0.448,0.576,0.0,0.0,0.0,0.0,5
bemegride,0.567,0.263,0.247,0.08,0.36,0.287,5
benazepril,0.486,0.614,0.425,0.559,0.492,0.723,5
bendamustine,0.557,0.581,0.548,0.551,0.492,0.004,5
bendroflumethiazide,0.552,0.577,0.568,0.554,0.031,0.677,5
benzbromarone,0.001,0.448,0.528,0.483,0.467,0.101,5
benzthiazide,0.553,0.012,0.526,0.0,0.0,0.0,5
benzydamine,0.556,0.013,0.064,0.569,0.484,0.675,5
benzylpenicillin,0.551,0.01,0.533,0.006,0.493,0.677,5
bepotastine,0.354,0.584,0.504,0.551,0.483,0.675,5
berberine,0.544,0.458,0.313,0.571,0.474,0.677,5
betahistine,0.552,0.581,0.536,0.551,0.533,0.679,5
betulinic-acid,0.556,0.495,0.437,0.455,0.493,0.523,2
bevirimat-dimeglumine,0.55,0.581,0.008,0.429,0.086,0.004,5
bexarotene,0.0,0.563,0.528,0.551,0.496,0.0,5
bezafibrate,0.55,0.32,0.528,0.555,0.502,0.677,5
bicalutamide,0.476,0.577,0.0,0.03,0.509,0.679,5
bifemelane,0.542,0.564,0.528,0.546,0.481,0.686,5
bifonazole,0.001,0.581,0.528,0.554,0.463,0.555,5
bimatoprost,0.308,0.581,0.532,0.006,0.483,0.679,5
bindarit,0.544,0.477,0.528,0.551,0.492,0.675,5
biperiden,0.007,0.487,0.669,0.469,0.125,0.485,4
birinapant,0.574,0.192,0.508,0.492,0.352,0.372,5
bisindolylmaleimide,0.552,0.154,0.544,0.169,0.007,0.0,5
bisoprolol,0.55,0.579,0.525,0.551,0.512,0.684,5
bitopertin,0.263,0.0,0.334,0.482,0.049,0.62,5
blonanserin,0.55,0.655,0.572,0.554,0.332,0.677,5
bms-599626,0.049,0.012,0.568,0.002,0.463,0.662,5
bms-707035,0.061,0.567,0.529,0.554,0.389,0.673,5
bms-927711,0.266,0.517,0.546,0.564,0.497,0.027,5
bopindolol,0.0,0.306,0.0,0.0,0.472,0.636,5
bortezomib,0.0,0.0,0.0,0.0,0.0,0.0,5
bosentan,0.001,0.584,0.556,0.551,0.496,0.4,5
bosutinib,0.016,0.568,0.507,0.128,0.453,0.0,5
brequinar,0.513,0.188,0.0,0.0,0.0,0.0,5
bretazenil,0.103,0.568,0.528,0.56,0.484,0.687,5
brexpiprazole,0.524,0.483,0.228,0.466,0.492,0.608,4
brivanib,0.55,0.572,0.533,0.544,0.48,0.677,5
brivudine,0.57,0.012,0.036,0.612,0.242,0.729,5
bromocriptine,0.603,0.527,0.542,0.374,0.394,0.691,5
broxuridine,0.558,0.581,0.544,0.561,0.492,0.677,5
bruceantin,0.0,0.0,0.0,0.0,0.0,0.0,5
bts-54505,0.553,0.575,0.546,0.559,0.521,0.639,5
bucladesine,0.552,0.584,0.502,0.554,0.492,0.0,5
budipine,0.552,0.386,0.544,0.516,0.496,0.686,5
bumetanide,0.551,0.576,0.536,0.551,0.491,0.69,5
bupivacaine,0.375,0.431,0.376,0.343,0.0,0.03,4
bupropion,0.006,0.577,0.027,0.0,0.0,0.0,5
buspirone,0.025,0.51,0.04,0.553,0.489,0.528,5
butoconazole,0.528,0.581,0.535,0.551,0.498,0.64,5
butorphanol-(+)-tartrate,0.566,0.514,0.527,0.515,0.542,0.577,2
bvd-523,0.34,0.664,0.535,0.554,0.48,0.675,5
cabazitaxel,0.0,0.0,0.0,0.0,0.386,0.601,5
cabergoline,0.508,0.0,0.252,0.028,0.507,0.677,5
cabozantinib,0.552,0.007,0.532,0.0,0.475,0.0,5
caffeine,0.565,0.474,0.485,0.516,0.175,0.583,4
calcitriol,0.007,0.582,0.542,0.067,0.48,0.651,5
camicinal,0.552,0.591,0.33,0.566,0.338,0.679,5
camptothecin,0.541,0.514,0.48,0.478,0.478,0.572,2
canagliflozin,0.621,0.594,0.008,0.565,0.453,0.626,5
candesartan,0.014,0.581,0.008,0.545,0.486,0.684,5
canertinib,0.536,0.581,0.419,0.561,0.376,0.679,5
canrenoic-acid,0.369,0.311,0.592,0.593,0.491,0.472,5
capecitabine,0.544,0.582,0.542,0.565,0.484,0.648,5
capsaicin,0.549,0.528,0.0,0.003,0.013,0.686,5
carbachol,0.539,0.584,0.618,0.03,0.497,0.686,5
carbamazepine,0.553,0.0,0.0,0.186,0.496,0.539,5
carbenoxolone,0.55,0.577,0.542,0.551,0.479,0.677,5
carbimazole,0.545,0.577,0.546,0.544,0.436,0.0,5
carglumic-acid,0.006,0.037,0.544,0.375,0.554,0.054,5
cariprazine,0.552,0.584,0.506,0.546,0.0,0.0,5
carisoprodol,0.546,0.583,0.544,0.554,0.43,0.686,5
carprofen,0.011,0.489,0.061,0.562,0.348,0.0,5
carvedilol,0.553,0.66,0.554,0.563,0.427,0.601,5
cb-10-277-(free-acid),0.553,0.403,0.544,0.028,0.199,0.09,5
cc-401,0.553,0.604,0.001,0.554,0.479,0.082,5
cc-930,0.469,0.0,0.544,0.228,0.424,0.679,5
cediranib,0.553,0.581,0.028,0.426,0.366,0.101,5
cefdinir,0.552,0.576,0.54,0.551,0.0,0.675,5
cefepime,0.004,0.098,0.001,0.566,0.03,0.009,5
cefoperazone,0.022,0.057,0.013,0.029,0.402,0.167,4
cefotetan,0.552,0.584,0.544,0.612,0.498,0.686,5
cefozopran,0.08,0.576,0.538,0.551,0.483,0.686,5
celecoxib,0.502,0.458,0.183,0.098,0.251,0.517,4
cep-37440,0.552,0.012,0.341,0.002,0.0,0.0,5
cepharanthine,0.55,0.581,0.546,0.56,0.48,0.668,5
cgp12177,0.587,0.495,0.47,0.344,0.499,0.577,2
chlorambucil,0.528,0.588,0.549,0.541,0.479,0.675,5
chlormezanone,0.451,0.569,0.537,0.515,0.5,0.689,5
chloroxine,0.544,0.588,0.552,0.562,0.0,0.0,5
chlorphenamine,0.26,0.282,0.526,0.537,0.453,0.632,5
chlorpromazine,0.544,0.192,0.41,0.562,0.578,0.689,5
chlorpropamide,0.554,0.584,0.535,0.564,0.497,0.666,5
chlortalidone,0.553,0.584,0.542,0.551,0.222,0.679,5
cholic-acid,0.535,0.514,0.501,0.501,0.504,0.57,2
choline-alfoscerate,0.56,0.613,0.312,0.551,0.489,0.26,5
cianidanol,0.517,0.584,0.162,0.515,0.567,0.188,5
ciclesonide,0.523,0.0,0.46,0.551,0.48,0.184,5
ciglitazone,0.552,0.588,0.136,0.562,0.496,0.165,5
cilengitide,0.554,0.582,0.367,0.554,0.481,0.656,5
cilomilast,0.543,0.516,0.501,0.503,0.513,0.575,2
cilostazol,0.553,0.0,0.513,0.559,0.41,0.677,5
cimetidine,0.037,0.0,0.001,0.013,0.002,0.011,5
cinaciguat,0.553,0.537,0.528,0.551,0.493,0.668,5
cinepazide,0.552,0.592,0.498,0.567,0.475,0.679,5
cinnarizine,0.552,0.567,0.41,0.542,0.467,0.674,5
cinoxacin,0.355,0.391,0.461,0.232,0.258,0.551,5
ciprofloxacin,0.554,0.42,0.536,0.35,0.484,0.677,5
cisapride,0.11,0.503,0.536,0.539,0.408,0.636,5
citalopram,0.551,0.528,0.551,0.593,0.252,0.729,5
cladribine,0.0,0.002,0.53,0.37,0.191,0.286,5
clarithromycin,0.55,0.581,0.029,0.001,0.496,0.034,5
clenbuterol,0.013,0.0,0.423,0.515,0.488,0.651,5
climbazole,0.051,0.0,0.222,0.571,0.12,0.677,5
clinafloxacin,0.555,0.223,0.542,0.404,0.347,0.483,5
clindamycin,0.557,0.0,0.542,0.562,0.49,0.677,5
clinofibrate,0.513,0.006,0.538,0.562,0.496,0.685,5
clioquinol,0.02,0.602,0.161,0.094,0.234,0.004,5
clobetasol,0.472,0.495,0.433,0.485,0.486,0.561,5
clofarabine,0.544,0.569,0.528,0.116,0.076,0.168,5
clofazimine,0.553,0.315,0.546,0.562,0.484,0.675,5
clofibric-acid,0.522,0.543,0.528,0.543,0.025,0.271,5
clofoctol,0.068,0.302,0.438,0.026,0.015,0.58,4
clomethiazole,0.57,0.453,0.427,0.533,0.256,0.679,5
clomifene,0.552,0.585,0.546,0.535,0.449,0.677,5
clonazepam,0.476,0.492,0.501,0.503,0.496,0.573,2
clonidine,0.549,0.583,0.537,0.562,0.472,0.679,5
clotrimazole,0.545,0.584,0.535,0.551,0.482,0.175,5
clozapine,0.478,0.481,0.439,0.858,0.475,0.557,2
co-102862,0.553,0.584,0.483,0.461,0.508,0.05,5
cobimetinib,0.041,0.057,0.037,0.453,0.489,0.024,4
colchicine,0.477,0.467,0.448,0.459,0.42,0.55,4
colforsin-daproate,0.55,0.003,0.002,0.551,0.496,0.684,5
combretastatin-a-4,0.0,0.0,0.0,0.0,0.0,0.0,5
conivaptan,0.481,0.499,0.478,0.428,0.48,0.519,2
cordycepin,0.55,0.582,0.352,0.564,0.5,0.691,5
"cp-945,598",0.54,0.549,0.333,0.546,0.475,0.686,5
cpi-1189,0.519,0.534,0.542,0.539,0.446,0.482,5
cpi-613,0.553,0.584,0.544,0.559,0.445,0.626,5
cromoglicic-acid,0.432,0.456,0.534,0.002,0.496,0.004,5
ct-7758,0.048,0.584,0.0,0.0,0.01,0.522,5
cts-1027,0.0,0.0,0.212,0.0,0.0,0.0,5
curcumin,0.067,0.162,0.542,0.239,0.368,0.0,5
cx-4945,0.242,0.563,0.616,0.091,0.014,0.0,5
cx-5461,0.399,0.477,0.542,0.536,0.013,0.0,5
cx516,0.552,0.584,0.528,0.551,0.498,0.589,5
cyanocobalamin,0.0,0.577,0.358,0.086,0.476,0.686,5
cyclizine,0.55,0.584,0.528,0.551,0.499,0.031,5
cyclobenzaprine,0.543,0.523,0.573,0.558,0.508,0.586,2
cyclosporin-a,0.55,0.557,0.521,0.458,0.3,0.663,5
cyproheptadine,0.009,0.521,0.041,0.218,0.514,0.002,5
cyproterone-acetate,0.0,0.055,0.535,0.371,0.344,0.677,5
cytarabine,0.468,0.619,0.538,0.555,0.289,0.605,5
cytisine,0.55,0.584,0.494,0.562,0.445,0.316,5
d-serine,0.553,0.581,0.546,0.562,0.487,0.675,5
dabigatran-etexilate,0.581,0.589,0.136,0.586,0.478,0.014,5
dabrafenib,0.55,0.57,0.534,0.551,0.455,0.039,5
dacarbazine,0.486,0.579,0.533,0.547,0.408,0.656,5
dacinostat,0.006,0.0,0.0,0.0,0.0,0.0,5
dacomitinib,0.004,0.586,0.363,0.564,0.492,0.0,5
danazol,0.55,0.584,0.523,0.531,0.498,0.686,5
danegaptide,0.545,0.584,0.528,0.184,0.458,0.456,5
dantrolene,0.368,0.542,0.528,0.554,0.483,0.264,5
danusertib,0.529,0.106,0.003,0.001,0.002,0.0,5
dapagliflozin,0.547,0.288,0.542,0.559,0.358,0.679,5
dapivirine,0.511,0.0,0.0,0.091,0.428,0.0,5
dapsone,0.59,0.062,0.616,0.07,0.486,0.136,5
darifenacin,0.55,0.485,0.551,0.565,0.484,0.605,5
darunavir,0.55,0.584,0.552,0.562,0.507,0.684,5
dasabuvir,0.477,0.518,0.424,0.515,0.443,0.613,4
dasatinib,0.0,0.0,0.001,0.0,0.0,0.0,5
dazoxiben,0.084,0.024,0.0,0.035,0.239,0.685,5
decitabine,0.463,0.309,0.311,0.002,0.013,0.004,5
defactinib,0.541,0.514,0.501,0.501,0.502,0.573,2
deferasirox,0.543,0.562,0.0,0.0,0.458,0.0,5
deferiprone,0.514,0.547,0.532,0.546,0.339,0.675,5
deforolimus,0.168,0.012,0.253,0.547,0.061,0.0,5
dehydroepiandrosterone,0.532,0.059,0.439,0.4,0.0,0.681,5
delanzomib,0.062,0.029,0.03,0.029,0.023,0.027,5
delivert,0.556,0.563,0.563,0.559,0.486,0.416,5
deoxycholic-acid,0.553,0.429,0.546,0.045,0.199,0.191,5
dequalinium,0.542,0.576,0.507,0.551,0.465,0.175,5
desmopressin-acetate,0.549,0.571,0.534,0.564,0.406,0.579,5
dexamethasone,0.506,0.614,0.588,0.56,0.001,0.0,10
dexfenfluramine,0.036,0.106,0.0,0.472,0.0,0.015,5
dexloxiglumide,0.552,0.139,0.544,0.109,0.487,0.063,5
dexniguldipine,0.535,0.514,0.51,0.503,0.504,0.572,2
dextromethorphan,0.595,0.017,0.538,0.013,0.0,0.027,5
diacerein,0.553,0.576,0.543,0.553,0.493,0.679,5
diazepam,0.519,0.069,0.06,0.414,0.487,0.677,5
diazoxide,0.157,0.584,0.528,0.512,0.0,0.0,5
diclofenac,0.552,0.01,0.091,0.555,0.491,0.67,5
diclofensine,0.021,0.62,0.491,0.567,0.0,0.036,5
dicloxacillin,0.55,0.062,0.489,0.117,0.121,0.567,5
dicoumarol,0.544,0.577,0.476,0.567,0.528,0.668,5
dideoxyadenosine,0.55,0.581,0.498,0.487,0.287,0.284,5
dienogest,0.224,0.66,0.554,0.245,0.467,0.039,5
diethylcarbamazine,0.559,0.431,0.536,0.039,0.466,0.356,5
diethylstilbestrol,0.549,0.496,0.577,0.564,0.497,0.677,5
diflunisal,0.551,0.223,0.0,0.001,0.213,0.012,5
dihydroergocristine,0.554,0.579,0.525,0.564,0.376,0.661,5
dihydroergotamine,0.352,0.631,0.543,0.007,0.109,0.229,5
dilazep,0.421,0.576,0.528,0.533,0.479,0.677,5
diltiazem,0.561,0.561,0.54,0.378,0.479,0.405,5
dimesna,0.237,0.475,0.568,0.583,0.554,0.706,5
dimethyl-fumarate,0.547,0.562,0.536,0.546,0.481,0.673,5
diminazene-aceturate,0.504,0.403,0.361,0.554,0.488,0.677,5
dinaciclib,0.499,0.0,0.0,0.0,0.0,0.0,5
dinoprost,0.472,0.577,0.511,0.564,0.463,0.628,5
diosmin,0.552,0.565,0.46,0.551,0.458,0.0,5
diphenidol,0.299,0.048,0.461,0.254,0.179,0.186,4
dipraglurant,0.551,0.565,0.462,0.562,0.48,0.686,5
dipyridamole,0.404,0.577,0.543,0.0,0.498,0.061,5
disopyramide,0.487,0.105,0.56,0.006,0.014,0.085,5
disulfiram,0.543,0.055,0.014,0.004,0.007,0.201,5
dmp-777,0.539,0.333,0.343,0.391,0.082,0.684,5
docetaxel,0.0,0.0,0.0,0.0,0.0,0.0,5
dofequidar,0.062,0.015,0.542,0.551,0.471,0.675,5
dolutegravir,0.54,0.57,0.534,0.551,0.478,0.645,5
donepezil,0.552,0.017,0.173,0.349,0.023,0.166,5
donitriptan,0.544,0.565,0.53,0.551,0.482,0.677,5
dopamine,0.494,0.653,0.483,0.427,0.457,0.528,2
doramapimod,0.0,0.587,0.546,0.555,0.499,0.136,5
dorzolamide,0.553,0.581,0.536,0.483,0.465,0.001,5
doxapram,0.542,0.581,0.041,0.568,0.492,0.677,5
doxazosin,0.122,0.159,0.158,0.171,0.0,0.0,5
doxepin,0.553,0.576,0.537,0.562,0.199,0.41,5
doxifluridine,0.007,0.503,0.554,0.257,0.484,0.632,5
doxofylline,0.552,0.586,0.535,0.438,0.484,0.686,5
doxorubicin,0.0,0.0,0.0,0.0,0.0,0.0,5
doxycycline-hyclate,0.542,0.576,0.54,0.551,0.492,0.0,5
dpcpx,0.344,0.477,0.4,0.02,0.062,0.079,4
dpi-201106,0.021,0.0,0.001,0.029,0.497,0.004,5
dronedarone,0.526,0.42,0.488,0.458,0.453,0.639,5
droperidol,0.006,0.552,0.044,0.309,0.465,0.527,5
drospirenone,0.029,0.406,0.471,0.269,0.335,0.263,4
du-728,0.59,0.571,0.035,0.004,0.492,0.005,5
duloxetine,0.553,0.583,0.616,0.551,0.467,0.148,5
dutasteride,0.0,0.0,0.031,0.554,0.469,0.618,5
e-2012,0.54,0.576,0.568,0.612,0.436,0.0,5
ebselen,0.472,0.219,0.009,0.571,0.027,0.663,5
econazole,0.554,0.585,0.001,0.567,0.493,0.0,5
edoxaban,0.554,0.289,0.591,0.028,0.092,0.679,5
edoxudine,0.193,0.584,0.538,0.551,0.484,0.186,5
efaproxiral,0.635,0.801,0.461,0.733,0.485,0.532,2
efavirenz,0.691,0.596,0.503,0.56,0.514,0.584,2
eflornithine,0.553,0.584,0.546,0.418,0.483,0.662,5
elesclomol,0.514,0.14,0.224,0.387,0.379,0.334,5
ellagic-acid,0.554,0.569,0.0,0.0,0.48,0.681,5
emd-1214063,0.01,0.106,0.0,0.0,0.054,0.675,5
emd-53998,0.56,0.584,0.546,0.173,0.48,0.437,5
emedastine,0.468,0.467,0.229,0.553,0.436,0.379,5
emtricitabine,0.554,0.576,0.534,0.437,0.496,0.679,5
enalapril,0.11,0.007,0.008,0.551,0.478,0.69,5
enoxacin,0.554,0.584,0.554,0.562,0.507,0.21,5
entecavir,0.486,0.553,0.543,0.439,0.475,0.02,5
entinostat,0.506,0.552,0.316,0.023,0.291,0.421,5
enzalutamide,0.553,0.358,0.533,0.176,0.481,0.229,5
enzastaurin,0.554,0.28,0.237,0.544,0.458,0.525,5
eperezolid,0.55,0.584,0.174,0.556,0.019,0.655,5
epinastine,0.544,0.576,0.546,0.217,0.496,0.685,5
epinephrine,0.552,0.581,0.008,0.303,0.481,0.677,5
epirizole,0.541,0.509,0.494,0.503,0.524,0.351,2
epirubicin,0.0,0.0,0.0,0.0,0.0,0.0,5
epitiostanol,0.199,0.001,0.473,0.003,0.231,0.625,4
epothilone-b,0.544,0.569,0.47,0.546,0.476,0.656,5
equol,0.001,0.583,0.008,0.277,0.476,0.253,5
ercalcitriol,0.523,0.5,0.37,0.042,0.348,0.685,5
erlotinib,0.0,0.571,0.534,0.547,0.479,0.024,5
erteberel,0.538,0.581,0.534,0.551,0.458,0.0,5
erythromycin,0.626,0.696,0.635,0.006,0.006,0.826,10
escitalopram,0.544,0.582,0.537,0.139,0.475,0.69,5
esmolol,0.551,0.63,0.469,0.551,0.505,0.686,5
estramustine,0.554,0.387,0.018,0.551,0.478,0.476,5
estramustine-phosphate,0.008,0.375,0.266,0.345,0.088,0.625,4
estriol,0.127,0.429,0.523,0.547,0.458,0.665,5
estrone,0.6,0.523,0.516,0.594,0.525,0.523,2
etacrynic-acid,0.565,0.577,0.014,0.557,0.512,0.675,5
etanidazole,0.558,0.261,0.115,0.553,0.049,0.659,5
etazolate,0.283,0.584,0.554,0.563,0.418,0.0,5
ethinyl-estradiol,0.09,0.132,0.329,0.507,0.499,0.093,4
ethylenediaminetetraacetic-acid,0.552,0.573,0.542,0.551,0.482,0.686,5
etizolam,0.352,0.17,0.556,0.405,0.276,0.691,5
etodolac,0.552,0.576,0.542,0.515,0.48,0.677,5
etofylline-clofibrate,0.084,0.577,0.039,0.566,0.492,0.008,5
etomidate,0.069,0.581,0.528,0.553,0.48,0.12,5
etomoxir,0.177,0.001,0.528,0.444,0.493,0.685,5
etoposide,0.0,0.0,0.073,0.554,0.493,0.663,5
etoricoxib,0.01,0.31,0.54,0.015,0.484,0.69,5
etravirine,0.0,0.293,0.536,0.445,0.483,0.677,5
eugenol,0.422,0.532,0.115,0.551,0.475,0.675,5
everolimus,0.0,0.466,0.0,0.0,0.483,0.677,5
evp-6124,0.554,0.584,0.0,0.0,0.425,0.014,5
exalamide,0.504,0.465,0.286,0.176,0.322,0.413,5
exemestane,0.49,0.584,0.546,0.473,0.498,0.326,5
exherin,0.552,0.576,0.542,0.542,0.502,0.185,5
fadrozole,0.552,0.584,0.128,0.365,0.245,0.679,5
famciclovir,0.54,0.28,0.506,0.547,0.445,0.677,5
famotidine,0.116,0.169,0.52,0.509,0.496,0.54,4
faropenem,0.552,0.592,0.548,0.553,0.492,0.662,5
fasudil,0.552,0.0,0.536,0.553,0.428,0.677,5
favipiravir,0.026,0.007,0.001,0.627,0.002,0.005,5
fdcyd,0.0,0.0,0.0,0.0,0.0,0.0,5
febuxostat,0.132,0.548,0.085,0.232,0.446,0.166,5
felbinac,0.104,0.582,0.546,0.567,0.481,0.69,5
felodipine,0.544,0.631,0.521,0.551,0.392,0.663,5
fenobam,0.553,0.41,0.494,0.473,0.285,0.7,5
fenoterol,0.01,0.565,0.008,0.564,0.487,0.677,5
fenticonazole,0.242,0.015,0.339,0.278,0.493,0.0,5
fexofenadine,0.553,0.581,0.53,0.551,0.492,0.684,5
fiacitabine,0.553,0.583,0.54,0.568,0.449,0.677,5
fidarestat,0.566,0.581,0.528,0.559,0.493,0.686,5
fidaxomicin,0.335,0.57,0.536,0.551,0.351,0.297,5
filgotinib,0.01,0.272,0.533,0.551,0.496,0.0,5
finasteride,0.0,0.0,0.001,0.072,0.479,0.0,5
fipronil,0.0,0.551,0.536,0.562,0.484,0.0,5
firategrast,0.554,0.577,0.334,0.562,0.498,0.223,5
flavoxate,0.553,0.586,0.544,0.032,0.015,0.004,5
flecainide,0.599,0.017,0.008,0.109,0.476,0.63,5
floxuridine,0.0,0.0,0.0,0.0,0.0,0.0,5
fluconazole,0.003,0.002,0.023,0.555,0.496,0.687,5
fludarabine-phosphate,0.345,0.567,0.543,0.405,0.483,0.0,5
fludroxycortide,0.419,0.562,0.5,0.128,0.068,0.677,5
flumatinib,0.554,0.586,0.424,0.562,0.518,0.438,5
flumazenil,0.549,0.581,0.366,0.244,0.061,0.045,5
fluocinonide,0.0,0.0,0.0,0.0,0.0,0.0,5
fluorometholone,0.553,0.566,0.054,0.0,0.006,0.0,5
fluorouracil,0.539,0.5,0.357,0.562,0.458,0.568,5
fluoxetine,0.544,0.57,0.532,0.543,0.48,0.677,5
fluphenazine,0.11,0.584,0.528,0.564,0.009,0.0,5
fluspirilene,0.004,0.592,0.116,0.128,0.498,0.679,5
flutamide,0.036,0.57,0.538,0.551,0.332,0.675,5
fluticasone,0.01,0.584,0.54,0.503,0.2,0.675,5
flutrimazole,0.004,0.019,0.071,0.223,0.093,0.015,4
fluvoxamine,0.553,0.584,0.538,0.553,0.48,0.69,5
folic-acid,0.0,0.584,0.534,0.551,0.463,0.677,5
fomepizole,0.066,0.0,0.489,0.407,0.505,0.027,5
fomocaine,0.548,0.581,0.523,0.544,0.476,0.688,5
foretinib,0.0,0.0,0.441,0.29,0.018,0.002,4
formestane,0.553,0.673,0.544,0.251,0.492,0.686,5
formoterol,0.551,0.568,0.529,0.566,0.199,0.082,5
forskolin,0.554,0.302,0.552,0.559,0.487,0.104,5
fosfomycin,0.419,0.576,0.482,0.092,0.104,0.686,5
fostamatinib,0.55,0.571,0.546,0.0,0.496,0.65,5
fpl-62064,0.005,0.155,0.001,0.0,0.0,0.686,5
ftorafur,0.562,0.583,0.548,0.567,0.444,0.71,5
fulvestrant,0.053,0.52,0.244,0.52,0.052,0.019,4
fusidic-acid,0.553,0.565,0.511,0.546,0.483,0.677,5
gabapentin,0.545,0.0,0.001,0.0,0.0,0.703,5
galeterone,0.547,0.576,0.542,0.0,0.475,0.0,5
ganaxolone,0.542,0.576,0.544,0.554,0.005,0.466,5
gatifloxacin,0.551,0.01,0.474,0.571,0.52,0.677,5
gdc-0068,0.498,0.532,0.483,0.442,0.48,0.011,5
gdc-0152,0.552,0.058,0.511,0.543,0.48,0.61,5
gdc-0199,0.004,0.0,0.003,0.54,0.031,0.0,5
gdc-0834,0.55,0.551,0.53,0.544,0.0,0.0,5
gefitinib,0.549,0.541,0.338,0.536,0.464,0.644,5
gemcitabine,0.0,0.0,0.009,0.007,0.0,0.0,5
gemfibrozil,0.54,0.584,0.001,0.0,0.365,0.673,5
gemifloxacin,0.578,0.514,0.508,0.495,0.517,0.577,2
genz-644282,0.242,0.263,0.204,0.211,0.176,0.168,5
gestrinone,0.621,0.584,0.0,0.543,0.497,0.0,5
gimeracil,0.552,0.5,0.051,0.473,0.357,0.565,5
ginkgolide-b,0.483,0.591,0.364,0.548,0.484,0.682,5
glasdegib,0.019,0.029,0.003,0.509,0.496,0.677,5
gliclazide,0.553,0.576,0.547,0.0,0.002,0.092,5
glimepiride,0.545,0.576,0.099,0.168,0.291,0.651,5
glipizide,0.349,0.407,0.034,0.029,0.002,0.009,5
gliquidone,0.506,0.581,0.542,0.569,0.502,0.663,5
glycitein,0.55,0.576,0.533,0.295,0.358,0.634,5
glycopyrrolate,0.544,0.581,0.528,0.554,0.533,0.69,5
golvatinib,0.506,0.583,0.542,0.544,0.534,0.004,5
goserelin-acetate,0.55,0.459,0.293,0.559,0.48,0.662,5
granisetron,0.552,0.604,0.56,0.553,0.266,0.699,5
grazoprevir,0.553,0.584,0.368,0.483,0.52,0.623,5
griseofulvin,0.463,0.082,0.327,0.555,0.045,0.565,5
gsk1292263,0.554,0.585,0.468,0.526,0.481,0.484,5
gsk2110183,0.121,0.032,0.001,0.418,0.478,0.663,5
gsk256066,0.546,0.484,0.501,0.503,0.508,0.573,2
gsk2636771,0.55,0.483,0.528,0.577,0.296,0.679,5
guanabenz,0.553,0.0,0.032,0.554,0.482,0.682,5
guanadrel,0.001,0.372,0.086,0.403,0.483,0.0,5
guanethidine,0.544,0.23,0.367,0.562,0.494,0.639,5
gw842166,0.004,0.448,0.046,0.512,0.479,0.585,5
halcinonide,0.55,0.576,0.366,0.364,0.04,0.028,5
haloperidol,0.0,0.0,0.046,0.002,0.116,0.651,5
hc-030031,0.55,0.563,0.542,0.544,0.497,0.673,5
hesperidin,0.554,0.611,0.533,0.551,0.499,0.679,5
hexachlorophene,0.546,0.568,0.0,0.564,0.011,0.0,5
histamine,0.035,0.127,0.309,0.369,0.356,0.627,4
homochlorcyclizine,0.007,0.584,0.014,0.568,0.029,0.685,5
homoharringtonine,0.159,0.411,0.452,0.492,0.296,0.543,5
honokiol,0.552,0.576,0.533,0.369,0.487,0.69,5
hydrocortisone,0.553,0.584,0.0,0.546,0.486,0.686,5
hydroxyurea,0.55,0.581,0.544,0.571,0.158,0.0,5
hymecromone,0.103,0.005,0.449,0.001,0.533,0.041,5
hypericin,0.598,0.553,0.552,0.597,0.503,0.699,5
i-bet-762,0.545,0.123,0.533,0.546,0.041,0.0,5
ib-meca,0.497,0.569,0.534,0.547,0.496,0.623,5
ibrutinib,0.0,0.571,0.0,0.089,0.476,0.618,5
ibudilast,0.552,0.012,0.542,0.004,0.041,0.101,5
ibuprofen,0.551,0.057,0.542,0.03,0.491,0.086,5
ibutamoren,0.016,0.568,0.554,0.564,0.496,0.333,5
ici-162846,0.554,0.581,0.535,0.569,0.488,0.677,5
"ici-185,282",0.552,0.555,0.523,0.551,0.491,0.685,5
ici-192605,0.558,0.609,0.283,0.551,0.512,0.53,5
idalopirdine,0.55,0.576,0.545,0.551,0.483,0.677,5
idelalisib,0.553,0.576,0.546,0.3,0.272,0.27,5
idoxuridin,0.461,0.581,0.51,0.534,0.48,0.0,5
ifosfamide,0.557,0.062,0.542,0.564,0.0,0.0,5
iguratimod,0.0,0.387,0.518,0.091,0.234,0.353,5
ilomastat,0.552,0.589,0.224,0.51,0.496,0.677,5
imatinib,0.547,0.248,0.452,0.458,0.322,0.677,5
imexon,0.549,0.581,0.532,0.551,0.483,0.677,5
imiloxan,0.553,0.563,0.543,0.551,0.351,0.642,5
imipramine,0.266,0.539,0.5,0.503,0.508,0.575,2
imiquimod,0.539,0.368,0.374,0.612,0.005,0.682,5
indacaterol,0.552,0.567,0.446,0.564,0.496,0.668,5
indapamide,0.003,0.017,0.526,0.551,0.362,0.687,5
indibulin,0.544,0.53,0.23,0.327,0.281,0.488,5
indinavir,0.002,0.248,0.552,0.179,0.008,0.0,5
indiplon,0.157,0.579,0.535,0.554,0.492,0.163,5
indirubin,0.553,0.58,0.544,0.551,0.425,0.006,5
indobufen,0.553,0.0,0.543,0.554,0.004,0.367,5
indole,0.45,0.127,0.162,0.24,0.027,0.382,4
indoprofen,0.478,0.16,0.457,0.498,0.494,0.539,2
indoramin,0.137,0.584,0.548,0.042,0.486,0.686,5
ingenol-mebutate,0.131,0.315,0.22,0.011,0.013,0.02,5
iniparib,0.553,0.012,0.39,0.506,0.444,0.52,5
inosine,0.55,0.581,0.544,0.001,0.496,0.308,5
inositol,0.551,0.584,0.535,0.127,0.0,0.012,5
iowh032,0.527,0.012,0.528,0.35,0.471,0.0,5
ipratropium,0.558,0.044,0.255,0.548,0.213,0.203,5
ipriflavone,0.137,0.159,0.532,0.554,0.481,0.677,5
irinotecan,0.55,0.23,0.538,0.562,0.0,0.0,5
isbufylline,0.0,0.0,0.538,0.475,0.506,0.707,5
isoconazole,0.552,0.551,0.254,0.551,0.016,0.0,5
isofloxythepin,0.003,0.511,0.0,0.0,0.487,0.673,5
isosorbide,0.131,0.033,0.008,0.485,0.484,0.677,5
isradipine,0.501,0.54,0.416,0.553,0.263,0.675,5
istaroxime,0.364,0.582,0.449,0.551,0.265,0.628,5
itopride,0.55,0.575,0.452,0.543,0.492,0.552,5
ivabradine,0.544,0.571,0.534,0.547,0.484,0.663,5
ivacaftor,0.038,0.42,0.001,0.0,0.242,0.0,5
ivermectin,0.543,0.532,0.557,0.537,0.0,0.0,5
ixabepilone,0.551,0.477,0.0,0.0,0.0,0.526,5
josamycin,0.199,0.566,0.56,0.555,0.472,0.645,5
kakonein,0.0,0.0,0.001,0.0,0.004,0.031,5
kbg,0.071,0.089,0.128,0.472,0.237,0.229,4
kd-023,0.545,0.599,0.552,0.014,0.497,0.0,5
kd025,0.55,0.577,0.449,0.547,0.392,0.0,5
ketoconazole,0.114,0.527,0.546,0.256,0.464,0.442,5
ketoprofen,0.499,0.497,0.577,0.473,0.545,0.186,5
ketorolac,0.061,0.3,0.53,0.232,0.514,0.577,2
ketotifen,0.002,0.576,0.547,0.555,0.488,0.679,5
kpt-330,0.552,0.584,0.464,0.387,0.305,0.5,5
kw-2449,0.553,0.48,0.393,0.562,0.496,0.682,5
kw-2478,0.558,0.484,0.514,0.471,0.502,0.534,2
kx2-391,0.452,0.0,0.0,0.0,0.428,0.0,5
l-citrulline,0.002,0.041,0.014,0.354,0.347,0.134,5
l-ergothioneine,0.55,0.576,0.528,0.551,0.492,0.589,5
l-name,0.0,0.007,0.164,0.551,0.492,0.679,5
labetalol,0.026,0.11,0.123,0.551,0.299,0.639,5
lacitol,0.263,0.023,0.54,0.553,0.076,0.702,5
lacosamide,0.553,0.577,0.448,0.554,0.471,0.0,5
lafutidine,0.042,0.14,0.521,0.042,0.482,0.624,5
lamivudine,0.331,0.07,0.148,0.48,0.014,0.613,4
lamotrigine,0.552,0.584,0.449,0.141,0.484,0.677,5
lapatinib,0.551,0.569,0.492,0.554,0.484,0.685,5
lasalocid,0.031,0.168,0.199,0.0,0.0,0.0,4
latanoprost,0.52,0.581,0.526,0.546,0.046,0.094,5
lcl-161,0.552,0.609,0.542,0.551,0.461,0.163,5
ledipasvir,0.557,0.581,0.542,0.551,0.407,0.612,5
leflunomide,0.554,0.584,0.521,0.564,0.496,0.668,5
lenalidomide,0.526,0.584,0.507,0.543,0.461,0.322,5
lenvatinib,0.628,0.466,0.536,0.491,0.515,0.577,2
lerisetron,0.57,0.631,0.553,0.024,0.51,0.691,5
lersivirine,0.046,0.533,0.004,0.004,0.436,0.494,4
lestaurtinib,0.552,0.563,0.436,0.411,0.354,0.237,5
letermovir,0.444,0.0,0.528,0.378,0.331,0.681,5
levalbuterol,0.574,0.219,0.003,0.039,0.0,0.027,5
levamisole,0.0,0.363,0.546,0.169,0.013,0.006,5
levcromakalim,0.55,0.576,0.543,0.567,0.459,0.0,5
levetiracetam,0.543,0.581,0.001,0.0,0.492,0.274,5
levobunolol,0.077,0.024,0.366,0.139,0.312,0.389,5
levocabastine,0.544,0.282,0.503,0.009,0.133,0.122,5
levocetirizine,0.552,0.584,0.542,0.551,0.494,0.675,5
levofloxacin,0.545,0.571,0.528,0.001,0.424,0.677,5
levomequitazine,0.22,0.027,0.504,0.542,0.263,0.58,5
levonorgestrel,0.55,0.0,0.544,0.553,0.476,0.677,5
levosimendan,0.15,0.414,0.124,0.029,0.245,0.1,4
levothyroxine,0.551,0.19,0.531,0.383,0.475,0.675,5
lgx818,0.482,0.289,0.532,0.456,0.0,0.0,5
licochalcone-a,0.009,0.584,0.026,0.555,0.515,0.332,5
lidamidine,0.55,0.006,0.507,0.386,0.54,0.679,5
lidocaine,0.552,0.501,0.544,0.553,0.353,0.089,5
lidoflazine,0.002,0.0,0.04,0.551,0.399,0.065,5
linezolid,0.551,0.568,0.0,0.542,0.002,0.685,5
linifanib,0.55,0.584,0.568,0.543,0.497,0.0,5
linopirdine,0.6,0.569,0.603,0.627,0.049,0.691,5
linsidomine,0.001,0.398,0.263,0.158,0.496,0.516,5
linsitinib,0.532,0.576,0.085,0.024,0.002,0.0,5
liranaftate,0.548,0.447,0.545,0.53,0.015,0.207,5
lisinopril,0.033,0.549,0.528,0.543,0.453,0.661,5
lisofylline,0.544,0.541,0.534,0.515,0.482,0.677,5
lobenzarit,0.54,0.573,0.42,0.543,0.507,0.629,5
lodoxamide,0.552,0.581,0.549,0.553,0.484,0.703,5
lofexidine,0.446,0.357,0.513,0.52,0.424,0.136,4
lomeguatrib,0.168,0.584,0.551,0.564,0.241,0.681,5
lomerizine,0.448,0.576,0.542,0.575,0.002,0.024,5
lomitapide,0.552,0.581,0.3,0.554,0.392,0.663,5
lonafarnib,0.55,0.077,0.452,0.494,0.402,0.677,5
lonidamine,0.558,0.576,0.534,0.562,0.498,0.689,5
loperamide,0.544,0.584,0.542,0.295,0.5,0.134,5
lopinavir,0.199,0.526,0.422,0.551,0.326,0.0,5
loratadine,0.337,0.007,0.511,0.543,0.0,0.05,5
lorazepam,0.003,0.0,0.213,0.322,0.191,0.308,5
lorcaserin,0.037,0.584,0.343,0.616,0.167,0.663,5
lorglumide,0.494,0.576,0.511,0.551,0.503,0.677,5
losmapimod,0.554,0.578,0.452,0.562,0.496,0.0,5
loxoprofen,0.602,0.514,0.444,0.518,0.507,0.576,2
lucitanib,0.552,0.576,0.544,0.551,0.406,0.625,5
luliconazole,0.581,0.339,0.543,0.569,0.486,0.675,5
lupanine,0.55,0.581,0.542,0.559,0.476,0.677,5
lurasidone,0.552,0.514,0.546,0.348,0.035,0.557,5
lx1031,0.546,0.571,0.525,0.547,0.051,0.606,5
ly215490,0.046,0.255,0.0,0.0,0.0,0.0,5
ly2228820,0.553,0.584,0.546,0.562,0.496,0.684,5
ly2334737,0.002,0.0,0.542,0.03,0.422,0.0,5
ly2784544,0.552,0.577,0.546,0.562,0.472,0.675,5
ly2811376,0.321,0.587,0.54,0.551,0.402,0.677,5
ly2874455,0.148,0.0,0.0,0.0,0.0,0.0,5
ly2886721,0.55,0.576,0.526,0.545,0.467,0.612,5
macitentan,0.551,0.521,0.528,0.004,0.002,0.036,5
malotilate,0.55,0.584,0.0,0.0,0.311,0.327,5
manumycin-a,0.16,0.584,0.555,0.004,0.007,0.0,5
maprotiline,0.553,0.339,0.079,0.184,0.456,0.679,5
maraviroc,0.053,0.136,0.534,0.547,0.381,0.679,5
maribavir,0.036,0.0,0.542,0.551,0.016,0.525,5
marimastat,0.004,0.576,0.536,0.553,0.484,0.66,5
masitinib,0.426,0.541,0.556,0.551,0.483,0.63,5
masoprocol,0.433,0.27,0.001,0.435,0.494,0.465,5
maxacalcitol,0.552,0.576,0.488,0.0,0.483,0.677,5
mazindol,0.55,0.018,0.489,0.554,0.492,0.63,5
mbx-2982,0.519,0.584,0.543,0.482,0.453,0.675,5
mcpp,0.077,0.584,0.533,0.189,0.486,0.009,5
mebendazole,0.554,0.588,0.397,0.0,0.0,0.0,5
mecamylamine,0.202,0.004,0.546,0.0,0.48,0.685,5
meclofenamic-acid,0.552,0.541,0.394,0.001,0.148,0.0,5
meclozine,0.559,0.0,0.546,0.577,0.48,0.016,5
medroxyprogesterone-acetate,0.419,0.568,0.482,0.012,0.347,0.274,5
medrysone,0.0,0.219,0.534,0.316,0.358,0.675,5
meglitinide,0.083,0.584,0.523,0.542,0.496,0.686,5
meisoindigo,0.472,0.021,0.316,0.564,0.457,0.593,5
mek162,0.337,0.239,0.001,0.0,0.0,0.0,5
melatonin,0.554,0.012,0.091,0.023,0.002,0.166,5
meloxicam,0.551,0.581,0.542,0.564,0.049,0.69,5
melperone,0.335,0.579,0.581,0.273,0.406,0.682,5
menadione,0.55,0.541,0.538,0.473,0.396,0.623,5
mepacrine,0.552,0.576,0.336,0.551,0.481,0.0,5
mepazine,0.605,0.017,0.001,0.194,0.142,0.681,5
mephentermine,0.411,0.565,0.523,0.551,0.483,0.679,5
mepivacaine,0.441,0.502,0.523,0.352,0.18,0.546,4
mepyramine,0.46,0.586,0.026,0.014,0.422,0.707,5
merbarone,0.392,0.589,0.483,0.551,0.466,0.0,5
mericitabine,0.55,0.569,0.535,0.515,0.016,0.0,5
merimepodib,0.556,0.581,0.542,0.524,0.0,0.0,5
mestranol,0.0,0.36,0.525,0.348,0.305,0.663,5
mesulergine,0.235,0.296,0.528,0.614,0.299,0.677,5
metamizole,0.2,0.589,0.577,0.554,0.498,0.679,5
metatinib,0.55,0.581,0.536,0.562,0.488,0.677,5
metenkephalin,0.552,0.584,0.546,0.562,0.496,0.677,5
metergoline,0.574,0.036,0.101,0.566,0.016,0.648,5
metformin,0.554,0.584,0.546,0.558,0.104,0.686,5
methazolamide,0.0,0.407,0.387,0.387,0.451,0.494,5
methimazole,0.551,0.581,0.032,0.484,0.468,0.684,5
methiopril,0.419,0.581,0.274,0.566,0.484,0.679,5
methocarbamol,0.558,0.329,0.008,0.158,0.48,0.679,5
methoxsalen,0.549,0.587,0.546,0.003,0.492,0.677,5
methyldopa,0.54,0.176,0.539,0.546,0.484,0.675,5
methylnaltrexone,0.585,0.0,0.071,0.527,0.457,0.412,5
methylprednisolone,0.523,0.0,0.542,0.551,0.34,0.006,5
metixene,0.009,0.328,0.482,0.356,0.481,0.677,5
metoclopramide,0.553,0.588,0.536,0.393,0.486,0.415,5
metolazone,0.552,0.0,0.009,0.0,0.008,0.677,5
metoprolol,0.445,0.394,0.49,0.512,0.488,0.651,5
mf-101,0.552,0.576,0.547,0.553,0.467,0.0,5
mianserin,0.55,0.541,0.544,0.551,0.509,0.203,5
mibampator,0.546,0.514,0.501,0.501,0.504,0.574,2
mibefradil,0.317,0.585,0.551,0.163,0.496,0.645,5
miconazole,0.558,0.0,0.456,0.551,0.008,0.0,5
midodrine,0.562,0.581,0.543,0.559,0.492,0.69,5
midostaurin,0.106,0.0,0.528,0.54,0.382,0.0,5
mifobate,0.549,0.569,0.361,0.56,0.013,0.704,5
miglitol,0.539,0.577,0.008,0.546,0.481,0.673,5
milacemide,0.553,0.501,0.029,0.535,0.399,0.681,5
milnacipran,0.507,0.36,0.247,0.277,0.087,0.168,5
milrinone,0.57,0.554,0.532,0.0,0.528,0.7,5
minaprine,0.163,0.538,0.213,0.371,0.26,0.494,4
minoxidil,0.554,0.577,0.267,0.392,0.479,0.69,5
mirodenafil,0.552,0.571,0.543,0.501,0.484,0.677,5
mirtazapine,0.002,0.655,0.544,0.593,0.02,0.279,5
mitomycin-c,0.0,0.0,0.0,0.0,0.0,0.0,5
mk-0752,0.55,0.576,0.546,0.553,0.496,0.686,5
mk-0773,0.543,0.512,0.336,0.503,0.511,0.572,2
mk-0812,0.355,0.418,0.413,0.438,0.479,0.388,5
mk-0893,0.009,0.584,0.496,0.551,0.0,0.004,5
mk-2461,0.539,0.574,0.546,0.542,0.47,0.198,5
mk-3207,0.551,0.584,0.536,0.559,0.496,0.561,5
mk-8033,0.021,0.0,0.542,0.553,0.016,0.485,5
mk-8245,0.553,0.584,0.543,0.565,0.502,0.686,5
mln0128,0.0,0.0,0.0,0.0,0.0,0.0,5
mln2480,0.541,0.514,0.503,0.448,0.508,0.574,2
mln9708,0.0,0.0,0.0,0.0,0.0,0.0,5
moclobemide,0.561,0.568,0.54,0.547,0.484,0.682,5
molindone,0.553,0.569,0.542,0.543,0.471,0.701,5
molsidomine,0.552,0.565,0.543,0.515,0.002,0.012,5
moxidectin,0.552,0.112,0.544,0.141,0.475,0.0,5
moxifloxacin,0.553,0.534,0.526,0.042,0.381,0.496,5
moxisylyte,0.379,0.567,0.0,0.554,0.498,0.701,5
mozavaptan,0.55,0.601,0.549,0.562,0.492,0.675,5
mycophenolate-mofetil,0.496,0.0,0.0,0.0,0.0,0.0,5
mycophenolic-acid,0.553,0.0,0.0,0.0,0.0,0.0,5
n6022,0.112,0.01,0.001,0.002,0.377,0.69,5
nafamostat,0.087,0.23,0.535,0.551,0.014,0.69,5
naftidrofuryl,0.069,0.563,0.528,0.534,0.467,0.663,5
naftopidil,0.536,0.264,0.152,0.047,0.063,0.165,4
nalbuphine,0.552,0.579,0.546,0.561,0.497,0.606,5
naphazoline,0.553,0.584,0.536,0.541,0.061,0.673,5
naproxen,0.553,0.387,0.014,0.0,0.471,0.065,5
naringenin,0.552,0.584,0.0,0.551,0.483,0.675,5
narlaprevir,0.551,0.584,0.0,0.458,0.0,0.677,5
nateglinide,0.535,0.515,0.501,0.575,0.497,0.553,2
navitoclax,0.23,0.563,0.124,0.012,0.137,0.056,5
nebivolol,0.544,0.263,0.546,0.556,0.488,0.673,5
nefiracetam,0.554,0.576,0.546,0.543,0.2,0.662,5
nefopam,0.55,0.576,0.546,0.531,0.499,0.569,5
nelarabine,0.551,0.577,0.536,0.565,0.245,0.0,5
nemonapride,0.54,0.581,0.523,0.0,0.278,0.675,5
nepafenac,0.003,0.062,0.001,0.004,0.0,0.114,5
neratinib,0.0,0.0,0.505,0.553,0.0,0.0,5
nesbuvir,0.549,0.576,0.546,0.264,0.48,0.675,5
netupitant,0.552,0.576,0.528,0.532,0.457,0.003,5
nevirapine,0.02,0.576,0.0,0.553,0.483,0.005,5
niacin,0.55,0.576,0.544,0.564,0.492,0.383,5
nicaraven,0.361,0.473,0.564,0.128,0.475,0.679,5
nicardipine,0.111,0.571,0.001,0.012,0.554,0.675,5
nicergoline,0.599,0.478,0.019,0.094,0.496,0.677,5
nicotinamide,0.544,0.576,0.136,0.559,0.484,0.677,5
nicotine,0.498,0.584,0.546,0.543,0.496,0.679,5
niguldipine,0.0,0.568,0.144,0.543,0.479,0.69,5
nikethamide,0.521,0.555,0.556,0.553,0.493,0.668,5
nilotinib,0.551,0.433,0.353,0.56,0.481,0.0,5
nimesulide,0.553,0.584,0.436,0.537,0.496,0.601,5
nimodipine,0.135,0.577,0.047,0.054,0.48,0.391,5
nintedanib,0.551,0.216,0.271,0.054,0.483,0.429,5
nisoxetine,0.0,0.018,0.107,0.03,0.013,0.677,5
nitrendipine,0.552,0.055,0.538,0.547,0.081,0.527,5
nizofenone,0.553,0.083,0.498,0.551,0.488,0.281,5
nms-1286937,0.0,0.0,0.0,0.0,0.0,0.0,5
norethindrone,0.552,0.582,0.008,0.007,0.0,0.652,5
norethisterone,0.554,0.584,0.469,0.559,0.484,0.685,5
norfloxacin,0.544,0.579,0.542,0.564,0.482,0.69,5
norgestrel,0.02,0.0,0.534,0.544,0.498,0.675,5
nortriptyline,0.444,0.576,0.591,0.062,0.497,0.0,5
noscapine,0.549,0.555,0.534,0.551,0.483,0.679,5
novobiocin,0.34,0.576,0.001,0.516,0.279,0.018,5
nsi-189,0.553,0.551,0.546,0.544,0.289,0.679,5
nutlin-3,0.411,0.021,0.0,0.242,0.205,0.589,5
nvp-dpp728,0.554,0.581,0.542,0.562,0.496,0.686,5
nxy-059,0.55,0.581,0.456,0.512,0.492,0.213,5
o6-benzylguanine,0.054,0.582,0.542,0.554,0.415,0.659,5
odanacatib,0.546,0.459,0.003,0.402,0.496,0.689,5
ofloxacin,0.561,0.581,0.073,0.551,0.484,0.621,5
oglemilast,0.05,0.467,0.289,0.564,0.48,0.324,5
olaparib,0.17,0.508,0.469,0.432,0.393,0.629,4
olmesartan,0.598,0.584,0.545,0.564,0.54,0.681,5
omecamtiv-mecarbil,0.546,0.57,0.479,0.535,0.484,0.677,5
omeprazole,0.566,0.576,0.536,0.542,0.496,0.569,5
ondansetron,0.544,0.581,0.538,0.551,0.484,0.677,5
oprozomib,0.542,0.015,0.014,0.0,0.0,0.0,5
orantinib,0.0,0.528,0.546,0.556,0.48,0.024,5
ore1001,0.013,0.584,0.555,0.106,0.007,0.202,5
org-9768,0.627,0.543,0.521,0.551,0.546,0.594,2
orlistat,0.451,0.112,0.415,0.565,0.0,0.014,5
orphenadrine,0.543,0.569,0.001,0.419,0.496,0.679,5
orteronel,0.391,0.465,0.529,0.365,0.478,0.632,4
oseltamivir-carboxylate,0.002,0.012,0.459,0.545,0.479,0.671,5
ostarine,0.497,0.581,0.572,0.556,0.499,0.703,5
otamixaban,0.55,0.577,0.542,0.404,0.274,0.543,5
otilonium,0.55,0.568,0.043,0.563,0.09,0.686,5
ots167,0.0,0.0,0.0,0.0,0.0,0.0,5
oxandrolone,0.544,0.3,0.542,0.544,0.453,0.662,5
oxaprozin,0.52,0.565,0.544,0.551,0.389,0.677,5
oxatomide,0.255,0.044,0.366,0.238,0.027,0.079,4
oxfendazole,0.546,0.568,0.008,0.018,0.467,0.644,5
oxiconazole,0.218,0.568,0.558,0.215,0.0,0.668,5
oxiperomide,0.54,0.584,0.546,0.565,0.497,0.004,5
oxybenzone,0.552,0.568,0.54,0.551,0.161,0.677,5
oxybuprocaine,0.009,0.584,0.565,0.264,0.006,0.675,5
oxybutynin,0.55,0.579,0.014,0.024,0.496,0.158,5
oxymetazoline,0.537,0.012,0.528,0.551,0.0,0.677,5
oxypurinol,0.036,0.401,0.526,0.002,0.002,0.06,5
ozagrel,0.0,0.007,0.008,0.009,0.496,0.518,5
pa-824,0.55,0.02,0.528,0.551,0.488,0.0,5
paclitaxel,0.511,0.531,0.508,0.506,0.445,0.659,5
palbociclib,0.0,0.0,0.0,0.0,0.0,0.0,5
palmitoylethanolamide,0.552,0.0,0.542,0.543,0.217,0.663,5
palomid-529,0.342,0.571,0.494,0.554,0.457,0.025,5
palonosetron,0.551,0.576,0.059,0.543,0.007,0.677,5
palovarotene,0.164,0.604,0.031,0.551,0.433,0.0,5
papaverine,0.551,0.0,0.066,0.0,0.0,0.0,5
paracetamol,0.541,0.516,0.503,0.551,0.521,0.577,2
paroxetine,0.543,0.235,0.452,0.48,0.522,0.572,2
pasireotide,0.551,0.584,0.634,0.562,0.475,0.0,5
pazopanib,0.553,0.598,0.536,0.551,0.449,0.413,5
pazufloxacin,0.558,0.322,0.546,0.562,0.495,0.684,5
pd123319,0.542,0.53,0.213,0.427,0.011,0.658,5
pd153035,0.003,0.0,0.497,0.015,0.496,0.663,5
pelitinib,0.0,0.006,0.542,0.042,0.0,0.006,5
pemirolast,0.394,0.076,0.554,0.073,0.14,0.183,5
penfluridol,0.0,0.576,0.001,0.0,0.023,0.547,5
penicillin-v-potassium,0.462,0.571,0.501,0.501,0.443,0.523,2
pentamidine,0.16,0.576,0.496,0.311,0.492,0.0,5
pentoxifylline,0.554,0.582,0.555,0.559,0.453,0.677,5
perhexiline,0.613,0.584,0.173,0.553,0.472,0.686,5
pf-02545920,0.547,0.584,0.559,0.544,0.351,0.677,5
pf-03084014,0.538,0.568,0.489,0.301,0.478,0.623,5
pf-03758309,0.03,0.001,0.01,0.006,0.023,0.2,5
pf-03814735,0.539,0.544,0.461,0.429,0.406,0.622,5
pf-04136309,0.539,0.576,0.518,0.291,0.484,0.677,5
pf-04447943,0.494,0.584,0.252,0.567,0.498,0.71,5
pf-04457845,0.553,0.162,0.0,0.0,0.0,0.0,5
pf-04620110,0.552,0.589,0.552,0.536,0.465,0.371,5
pf-04691502,0.051,0.0,0.436,0.458,0.425,0.46,5
ph-797804,0.118,0.025,0.109,0.551,0.467,0.61,5
pha-848125,0.547,0.018,0.055,0.096,0.119,0.569,5
phenazone,0.553,0.581,0.535,0.533,0.484,0.677,5
phenformin,0.36,0.565,0.508,0.554,0.408,0.0,5
phensuximide,0.436,0.577,0.0,0.106,0.36,0.686,5
phentermine,0.552,0.154,0.001,0.001,0.004,0.0,5
phentolamine,0.551,0.574,0.542,0.551,0.428,0.677,5
phenylacetylglutamine,0.009,0.583,0.528,0.569,0.079,0.677,5
phenylbutazone,0.549,0.549,0.172,0.244,0.484,0.678,5
phenylbutyrate,0.55,0.565,0.523,0.538,0.0,0.685,5
phenylephrine,0.55,0.575,0.536,0.551,0.492,0.677,5
phenytoin,0.553,0.576,0.545,0.575,0.397,0.651,5
physostigmine,0.553,0.581,0.054,0.554,0.498,0.651,5
pibenzimol,0.004,0.122,0.023,0.554,0.0,0.0,5
piclamilast,0.519,0.604,0.498,0.007,0.498,0.686,5
picolinic-acid,0.388,0.472,0.06,0.149,0.334,0.412,4
picotamide,0.553,0.044,0.528,0.543,0.457,0.65,5
piketoprofen,0.55,0.0,0.158,0.0,0.467,0.527,5
pilaralisib,0.542,0.576,0.557,0.544,0.157,0.366,5
pilocarpine,0.506,0.005,0.453,0.564,0.318,0.623,5
pimavanserin,0.051,0.0,0.487,0.0,0.004,0.009,5
pimecrolimus,0.59,0.556,0.546,0.564,0.413,0.663,5
pimobendan,0.455,0.584,0.532,0.547,0.484,0.0,5
pimozide,0.607,0.315,0.257,0.36,0.238,0.594,4
pinacidil,0.481,0.514,0.47,0.458,0.424,0.574,2
pinaverium,0.553,0.522,0.545,0.562,0.496,0.2,5
pinitol,0.543,0.413,0.513,0.382,0.515,0.623,5
pioglitazone,0.206,0.311,0.082,0.091,0.503,0.0,5
piperidolate,0.006,0.581,0.546,0.474,0.54,0.606,5
pirenoxine,0.594,0.007,0.001,0.558,0.406,0.662,5
pirenzepine,0.552,0.544,0.534,0.555,0.501,0.677,5
pirfenidone,0.552,0.585,0.572,0.427,0.484,0.679,5
piribedil,0.002,0.584,0.542,0.551,0.496,0.702,5
piroxicam,0.551,0.576,0.542,0.564,0.009,0.518,5
pitavastatin,0.57,0.551,0.528,0.551,0.362,0.405,5
pki-179,0.55,0.4,0.124,0.142,0.178,0.53,5
podophyllotoxin,0.0,0.0,0.0,0.0,0.0,0.0,5
pomalidomide,0.419,0.36,0.249,0.536,0.0,0.279,5
pramipexole,0.544,0.552,0.357,0.551,0.478,0.663,5
pranlukast,0.55,0.575,0.536,0.554,0.488,0.686,5
pravastatin,0.553,0.575,0.585,0.562,0.484,0.69,5
prazosin,0.552,0.608,0.535,0.551,0.173,0.701,5
prednisone,0.419,0.584,0.544,0.565,0.242,0.23,5
preladenant,0.552,0.579,0.045,0.571,0.418,0.569,5
primaquine,0.551,0.576,0.536,0.512,0.467,0.0,5
primidone,0.0,0.484,0.001,0.004,0.483,0.679,5
pritelivir,0.52,0.551,0.486,0.515,0.134,0.571,5
probenecid,0.346,0.566,0.561,0.565,0.273,0.677,5
probucol,0.554,0.031,0.523,0.544,0.488,0.679,5
procainamide,0.137,0.584,0.546,0.578,0.487,0.158,5
prochlorperazine,0.552,0.588,0.543,0.544,0.475,0.684,5
progesterone,0.551,0.569,0.521,0.546,0.396,0.555,5
proglumide,0.543,0.584,0.46,0.416,0.493,0.679,5
proguanil,0.553,0.003,0.436,0.023,0.019,0.335,5
propafenone,0.554,0.106,0.542,0.551,0.481,0.652,5
propentofylline,0.062,0.0,0.552,0.382,0.475,0.677,5
propranolol,0.013,0.0,0.291,0.569,0.399,0.618,5
protirelin,0.55,0.571,0.528,0.544,0.0,0.0,5
protriptyline,0.544,0.52,0.503,0.503,0.504,0.574,2
prx-08066,0.149,0.588,0.542,0.0,0.0,0.0,5
psi-6130,0.0,0.0,0.0,0.0,0.0,0.0,5
pterostilbene,0.54,0.576,0.542,0.593,0.476,0.686,5
pyrazinamide,0.0,0.036,0.591,0.052,0.326,0.561,5
pyrazinoylguanidine,0.553,0.584,0.513,0.499,0.464,0.601,5
quercetin,0.023,0.012,0.0,0.348,0.48,0.048,5
quetiapine,0.542,0.576,0.488,0.553,0.424,0.0,5
quiflapon,0.459,0.0,0.544,0.002,0.496,0.677,5
quinapril,0.551,0.615,0.02,0.39,0.196,0.381,5
quinidine,0.687,0.687,0.635,0.601,0.133,0.005,10
quizartinib,0.262,0.581,0.505,0.483,0.002,0.0,5
r-428,0.468,0.123,0.217,0.098,0.339,0.677,5
r547,0.0,0.0,0.0,0.0,0.0,0.0,5
rabeprazole,0.529,0.569,0.333,0.562,0.484,0.431,5
racecadotril,0.526,0.581,0.53,0.568,0.215,0.679,5
raclopride,0.008,0.003,0.014,0.009,0.004,0.147,5
radezolid,0.545,0.631,0.067,0.0,0.0,0.089,5
raf265,0.605,0.537,0.534,0.551,0.48,0.677,5
raloxifene,0.0,0.584,0.542,0.0,0.465,0.0,5
raltegravir,0.533,0.108,0.131,0.037,0.214,0.069,4
ramatroban,0.552,0.525,0.523,0.551,0.482,0.677,5
ramelteon,0.507,0.584,0.0,0.014,0.0,0.027,5
ramipril,0.552,0.631,0.523,0.544,0.498,0.682,5
ranitidine,0.554,0.314,0.534,0.417,0.479,0.685,5
ranolazine,0.429,0.401,0.411,0.216,0.484,0.627,5
rasagiline,0.55,0.582,0.544,0.404,0.504,0.682,5
rebamipide,0.547,0.154,0.075,0.001,0.48,0.004,5
reboxetine,0.582,0.514,0.501,0.497,0.404,0.574,2
refametinib,0.372,0.568,0.546,0.0,0.0,0.0,5
regadenoson,0.553,0.585,0.546,0.553,0.498,0.677,5
regorafenib,0.55,0.571,0.212,0.032,0.082,0.0,5
relcovaptan,0.259,0.192,0.534,0.593,0.482,0.0,5
repaglinide,0.036,0.036,0.58,0.311,0.545,0.206,5
reparixin,0.001,0.004,0.531,0.562,0.004,0.668,5
resatorvid,0.553,0.581,0.415,0.563,0.0,0.659,5
reserpine,0.558,0.339,0.535,0.551,0.484,0.065,5
resiquimod,0.55,0.581,0.002,0.074,0.475,0.677,5
resminostat,0.551,0.565,0.489,0.537,0.082,0.43,5
resveratrol,0.52,0.378,0.535,0.013,0.004,0.0,5
retapamulin,0.513,0.017,0.528,0.561,0.489,0.004,5
retigabine,0.551,0.596,0.536,0.553,0.504,0.69,5
rg-7388,0.553,0.045,0.0,0.0,0.0,0.0,5
rg2833,0.49,0.047,0.331,0.52,0.065,0.003,4
rg4733,0.001,0.576,0.54,0.311,0.492,0.686,5
ribavirin,0.553,0.581,0.523,0.562,0.472,0.673,5
rifabutin,0.539,0.549,0.379,0.562,0.471,0.681,5
rifaximin,0.553,0.39,0.528,0.07,0.486,0.08,5
rilmenidine,0.11,0.257,0.195,0.553,0.227,0.396,5
rilpivirine,0.546,0.007,0.437,0.551,0.381,0.0,5
rimantadine,0.55,0.576,0.0,0.0,0.385,0.677,5
rimcazole,0.552,0.602,0.046,0.565,0.247,0.035,5
rimexolone,0.221,0.568,0.282,0.009,0.002,0.61,5
rimonabant,0.547,0.568,0.592,0.382,0.34,0.439,5
riociguat,0.345,0.553,0.542,0.544,0.089,0.098,5
ripasudil,0.057,0.0,0.0,0.001,0.357,0.169,5
risperidone,0.144,0.002,0.621,0.378,0.467,0.0,5
ritodrine,0.553,0.584,0.532,0.509,0.496,0.308,5
rivaroxaban,0.004,0.0,0.534,0.043,0.479,0.024,5
rizatriptan,0.544,0.006,0.528,0.492,0.016,0.118,5
ro-4987655,0.55,0.284,0.243,0.013,0.004,0.006,5
rociletinib,0.52,0.433,0.549,0.001,0.252,0.0,5
rocuronium,0.557,0.584,0.587,0.008,0.544,0.699,5
roflumilast,0.002,0.0,0.0,0.0,0.293,0.635,4
rolipram,0.001,0.0,0.014,0.0,0.0,0.003,5
romidepsin,0.0,0.0,0.0,0.0,0.0,0.0,5
ropinirole,0.0,0.581,0.545,0.559,0.002,0.587,5
roquinimex,0.062,0.507,0.002,0.004,0.373,0.1,4
roscovitine,0.004,0.014,0.263,0.449,0.322,0.675,5
rosiglitazone,0.554,0.0,0.534,0.552,0.489,0.0,5
rosuvastatin,0.55,0.489,0.424,0.365,0.189,0.673,5
rotigotine,0.552,0.441,0.564,0.554,0.481,0.686,5
rottlerin,0.063,0.057,0.008,0.026,0.006,0.022,4
rotundine,0.497,0.458,0.0,0.541,0.478,0.599,5
roxithromycin,0.553,0.584,0.546,0.551,0.496,0.686,5
rs-127445,0.544,0.607,0.535,0.554,0.465,0.673,5
ru-58841,0.55,0.576,0.543,0.562,0.503,0.687,5
rucinol,0.494,0.581,0.534,0.562,0.496,0.203,5
rupatadine,0.526,0.492,0.649,0.551,0.467,0.677,5
rutin,0.551,0.315,0.546,0.523,0.492,0.035,5
s18986,0.222,0.27,0.183,0.026,0.185,0.449,4
safinamide,0.52,0.576,0.39,0.553,0.255,0.567,5
salvinorin-a,0.553,0.579,0.439,0.547,0.492,0.206,5
saquinavir,0.009,0.066,0.001,0.0,0.471,0.0,5
saracatinib,0.004,0.003,0.595,0.554,0.496,0.639,5
sarcosine,0.554,0.597,0.546,0.564,0.467,0.684,5
sasapyrine,0.55,0.571,0.534,0.56,0.476,0.663,5
saxagliptin,0.438,0.571,0.526,0.311,0.459,0.686,5
sb-683698,0.552,0.571,0.495,0.135,0.291,0.014,5
sb-705498,0.054,0.578,0.014,0.562,0.015,0.009,5
sb-743921,0.28,0.238,0.21,0.21,0.166,0.522,5
sb-756050,0.249,0.146,0.544,0.566,0.498,0.089,5
sb-939,0.122,0.581,0.007,0.0,0.0,0.0,5
sc-12267,0.081,0.584,0.426,0.562,0.483,0.679,5
scopolamine,0.344,0.567,0.507,0.536,0.479,0.675,5
sdz-nkt-343,0.537,0.0,0.343,0.004,0.497,0.0,5
secnidazole,0.34,0.585,0.554,0.351,0.483,0.686,5
selamectin,0.002,0.589,0.041,0.552,0.467,0.0,5
selegiline,0.554,0.611,0.634,0.066,0.567,0.707,5
selumetinib,0.491,0.577,0.153,0.129,0.004,0.0,5
semagacestat,0.453,0.258,0.333,0.417,0.425,0.693,5
semaxanib,0.122,0.584,0.542,0.024,0.496,0.657,5
senicapoc,0.558,0.577,0.538,0.126,0.487,0.684,5
seocalcitol,0.451,0.318,0.544,0.551,0.488,0.677,5
sep-227900,0.544,0.354,0.05,0.551,0.48,0.679,5
sertaconazole,0.401,0.32,0.392,0.551,0.299,0.573,5
sertindole,0.054,0.584,0.528,0.551,0.0,0.0,5
sertraline,0.003,0.588,0.542,0.004,0.476,0.0,5
setiptiline,0.55,0.46,0.533,0.551,0.371,0.675,5
sgi-1776,0.555,0.561,0.524,0.354,0.485,0.636,5
siguazodan,0.552,0.568,0.538,0.551,0.496,0.691,5
sildenafil,0.553,0.584,0.546,0.567,0.499,0.686,5
simeprevir,0.554,0.576,0.526,0.277,0.135,0.0,5
simvastatin,0.54,0.537,0.421,0.551,0.478,0.657,5
sirolimus,0.206,0.083,0.013,0.011,0.008,0.101,5
sk&f-10047-(+),0.553,0.007,0.003,0.392,0.481,0.677,5
snx-2112,0.595,0.012,0.528,0.018,0.019,0.179,5
sobetirome,0.197,0.576,0.546,0.0,0.503,0.024,5
sodium-gualenate,0.545,0.576,0.545,0.555,0.5,0.677,5
sodium-tanshinone-ii-a-sulfonate,0.236,0.167,0.452,0.413,0.487,0.405,5
sofalcone,0.052,0.434,0.35,0.238,0.398,0.224,4
sofosbuvir,0.544,0.581,0.534,0.127,0.398,0.597,5
solifenacin-succinate,0.077,0.604,0.542,0.551,0.491,0.682,5
sorbinil,0.553,0.568,0.568,0.612,0.493,0.677,5
sorbitol,0.02,0.588,0.577,0.0,0.004,0.0,5
sotalol,0.002,0.576,0.084,0.002,0.475,0.679,5
sotrastaurin,0.0,0.503,0.014,0.564,0.0,0.686,5
sparfloxacin,0.553,0.475,0.542,0.56,0.496,0.677,5
spironolactone,0.546,0.353,0.53,0.352,0.058,0.031,5
sr-2640,0.565,0.573,0.552,0.564,0.436,0.253,5
sr-33805,0.548,0.514,0.501,0.503,0.506,0.56,2
sta-5326,0.543,0.514,0.501,0.501,0.507,0.572,2
stavudine,0.55,0.598,0.528,0.365,0.191,0.122,5
su014813,0.525,0.584,0.554,0.544,0.498,0.279,5
sulbactam,0.55,0.549,0.542,0.546,0.467,0.677,5
sulbutiamine,0.316,0.576,0.234,0.125,0.101,0.332,5
sulfafurazole,0.514,0.576,0.297,0.564,0.489,0.679,5
sulfasalazine,0.554,0.608,0.552,0.542,0.484,0.708,5
sulforaphane,0.55,0.563,0.546,0.56,0.358,0.403,5
sumatriptan,0.553,0.537,0.25,0.564,0.463,0.027,5
sunitinib,0.55,0.544,0.0,0.0,0.0,0.0,5
suprofen,0.539,0.576,0.453,0.627,0.5,0.705,5
suvorexant,0.248,0.022,0.536,0.543,0.363,0.0,5
swainsonine,0.395,0.0,0.499,0.0,0.013,0.0,5
t-5224,0.544,0.581,0.528,0.543,0.512,0.687,5
tacalcitol,0.552,0.601,0.523,0.39,0.48,0.66,5
tacedinaline,0.55,0.528,0.508,0.537,0.006,0.0,5
tacrine,0.55,0.552,0.533,0.227,0.063,0.686,5
tacrolimus,0.519,0.576,0.333,0.562,0.007,0.522,5
tadalafil,0.55,0.18,0.001,0.536,0.482,0.681,5
tafamidis-meglumine,0.545,0.568,0.546,0.551,0.3,0.61,5
tagatose,0.555,0.576,0.515,0.555,0.465,0.677,5
tak-285,0.004,0.562,0.508,0.328,0.013,0.003,5
tak-733,0.003,0.0,0.0,0.405,0.479,0.677,5
tak-875,0.0,0.584,0.077,0.11,0.48,0.23,5
taladegib,0.297,0.005,0.008,0.01,0.496,0.004,5
talazoparib,0.329,0.01,0.001,0.0,0.0,0.0,5
talinolol,0.552,0.571,0.542,0.551,0.308,0.014,5
talmapimod,0.045,0.577,0.049,0.036,0.088,0.436,5
talnetant,0.061,0.01,0.544,0.554,0.482,0.0,5
taltirelin,0.555,0.585,0.556,0.551,0.489,0.708,5
tamibarotene,0.546,0.571,0.474,0.42,0.479,0.677,5
tamoxifen,0.55,0.584,0.536,0.389,0.517,0.677,5
tamsulosin,0.552,0.595,0.546,0.562,0.507,0.689,5
tanaproget,0.544,0.577,0.515,0.55,0.472,0.544,5
taranabant,0.0,0.0,0.003,0.0,0.0,0.621,5
targinine,0.552,0.576,0.546,0.244,0.496,0.079,5
tas-103,0.0,0.0,0.0,0.0,0.0,0.002,5
taselisib,0.533,0.565,0.001,0.12,0.0,0.0,5
tasisulam,0.541,0.514,0.498,0.515,0.507,0.574,2
tasquinimod,0.282,0.171,0.452,0.359,0.0,0.375,5
tazobactam,0.553,0.584,0.545,0.532,0.489,0.685,5
tebipenem,0.544,0.018,0.228,0.534,0.435,0.644,5
tecastemizole,0.388,0.503,0.505,0.37,0.486,0.257,5
tedizolid,0.552,0.575,0.546,0.541,0.158,0.216,5
tegobuvir,0.553,0.0,0.004,0.554,0.436,0.64,5
telatinib,0.549,0.561,0.274,0.532,0.481,0.542,5
telbivudine,0.411,0.589,0.547,0.562,0.496,0.0,5
telcagepant,0.162,0.568,0.542,0.564,0.496,0.677,5
telmesteine,0.0,0.577,0.543,0.564,0.413,0.028,5
telmisartan,0.55,0.568,0.538,0.544,0.465,0.677,5
telotristat,0.411,0.539,0.001,0.554,0.475,0.0,5
temazepam,0.537,0.569,0.054,0.546,0.492,0.413,5
temozolomide,0.551,0.643,0.53,0.551,0.488,0.663,5
temsirolimus,0.0,0.0,0.0,0.0,0.0,0.0,10
teneligliptin,0.014,0.576,0.528,0.348,0.457,0.256,5
tenidap,0.55,0.581,0.534,0.551,0.496,0.662,5
terbinafine,0.55,0.155,0.614,0.551,0.251,0.677,5
teroxirone,0.092,0.576,0.534,0.551,0.189,0.28,5
tesaglitazar,0.519,0.0,0.534,0.551,0.0,0.175,5
testosterone,0.369,0.0,0.168,0.047,0.332,0.679,5
tetrabenazine,0.544,0.541,0.528,0.013,0.402,0.677,5
tetracaine,0.52,0.555,0.41,0.553,0.386,0.677,5
tetrahydrouridine,0.524,0.083,0.528,0.551,0.0,0.0,5
tetrindole,0.544,0.159,0.118,0.404,0.479,0.686,5
tg-100801,0.526,0.425,0.521,0.28,0.484,0.436,5
thalidomide,0.427,0.211,0.554,0.387,0.169,0.191,5
theobromine,0.44,0.0,0.0,0.0,0.008,0.0,5
theophylline,0.553,0.576,0.416,0.564,0.481,0.673,5
thiocolchicoside,0.038,0.0,0.006,0.042,0.5,0.593,5
thioctic-acid,0.007,0.584,0.001,0.004,0.492,0.136,5
thioguanine,0.55,0.576,0.534,0.001,0.0,0.0,5
thiomersal,0.55,0.576,0.532,0.551,0.48,0.648,5
thioridazine,0.483,0.448,0.061,0.551,0.484,0.0,5
thiothixene,0.553,0.219,0.34,0.53,0.496,0.677,5
tiagabine,0.551,0.581,0.544,0.516,0.018,0.675,5
tiapride,0.0,0.0,0.001,0.002,0.482,0.0,5
tic10,0.035,0.551,0.554,0.029,0.457,0.707,5
ticagrelor,0.504,0.0,0.498,0.397,0.492,0.686,5
ticlopidine,0.508,0.515,0.4,0.426,0.498,0.637,4
tiludronate,0.273,0.003,0.542,0.562,0.498,0.679,5
timolol,0.552,0.034,0.54,0.555,0.017,0.684,5
timonacic,0.552,0.604,0.54,0.573,0.242,0.679,5
tioconazole,0.4,0.005,0.05,0.011,0.483,0.563,5
tioguanine,0.55,0.589,0.534,0.544,0.285,0.4,5
tipiracil,0.009,0.001,0.355,0.577,0.083,0.553,5
tirasemtiv,0.539,0.57,0.546,0.568,0.488,0.68,5
tirofiban,0.497,0.513,0.527,0.56,0.578,0.568,2
tivantinib,0.035,0.601,0.258,0.334,0.347,0.428,5
tivozanib,0.069,0.561,0.488,0.003,0.002,0.0,5
tizanidine,0.526,0.53,0.422,0.135,0.044,0.459,5
tobramycin,0.031,0.01,0.055,0.004,0.004,0.677,5
tofacitinib,0.547,0.571,0.528,0.53,0.444,0.644,5
tolazamide,0.526,0.576,0.536,0.542,0.475,0.677,5
tolbutamide,0.558,0.0,0.528,0.179,0.425,0.06,5
tolcapone,0.545,0.556,0.173,0.003,0.483,0.662,5
tolfenamic-acid,0.528,0.568,0.536,0.551,0.0,0.677,5
tolnaftate,0.604,0.458,0.51,0.479,0.481,0.55,2
tolperisone,0.037,0.621,0.001,0.551,0.488,0.52,5
tolvaptan,0.545,0.585,0.534,0.519,0.481,0.213,5
topiramate,0.567,0.534,0.566,0.21,0.527,0.435,5
torasemide,0.547,0.563,0.534,0.551,0.487,0.709,5
torcetrapib,0.55,0.484,0.155,0.562,0.008,0.0,5
torcitabine,0.55,0.576,0.544,0.562,0.484,0.677,5
tosedostat,0.549,0.573,0.535,0.336,0.391,0.644,5
tozasertib,0.552,0.0,0.001,0.0,0.0,0.0,5
tracazolate,0.544,0.576,0.543,0.551,0.284,0.677,5
tramiprosate,0.544,0.51,0.534,0.045,0.301,0.234,5
tranilast,0.553,0.017,0.451,0.551,0.227,0.0,5
trapidil,0.598,0.631,0.406,0.473,0.291,0.663,5
travoprost,0.558,0.582,0.415,0.562,0.483,0.677,5
trazodone,0.361,0.584,0.556,0.543,0.472,0.295,5
trehalose,0.468,0.569,0.554,0.565,0.483,0.686,5
triamcinolone,0.52,0.56,0.494,0.071,0.47,0.554,2
triamcinolone-acetonide,0.55,0.0,0.0,0.584,0.53,0.0,5
triamterene,0.552,0.581,0.542,0.56,0.481,0.0,5
triclabendazole,0.551,0.584,0.435,0.354,0.0,0.0,5
triclosan,0.0,0.0,0.252,0.251,0.492,0.569,5
triflupromazine,0.539,0.577,0.589,0.543,0.002,0.645,5
trifluridine,0.36,0.584,0.015,0.0,0.0,0.004,5
trilostane,0.019,0.599,0.003,0.543,0.478,0.677,5
trimebutine,0.52,0.385,0.542,0.157,0.499,0.599,5
trimetazidine,0.559,0.562,0.547,0.56,0.498,0.345,5
trimethoprim,0.55,0.568,0.5,0.467,0.457,0.677,5
trimipramine,0.553,0.584,0.535,0.56,0.496,0.685,5
triptorelin,0.01,0.569,0.546,0.007,0.486,0.08,5
troglitazone,0.553,0.527,0.224,0.0,0.0,0.0,5
trovafloxacin,0.519,0.144,0.523,0.256,0.051,0.568,4
tyrphostin-1,0.547,0.535,0.533,0.0,0.48,0.686,5
uk-383367,0.291,0.576,0.42,0.483,0.454,0.673,5
ulipristal,0.554,0.584,0.547,0.551,0.496,0.686,5
umeclidinium,0.345,0.571,0.554,0.524,0.492,0.685,5
urapidil,0.554,0.615,0.545,0.23,0.481,0.667,5
ursodeoxycholyltaurine,0.553,0.532,0.369,0.562,0.497,0.639,5
ursodiol,0.195,0.441,0.482,0.555,0.487,0.601,5
ursolic-acid,0.392,0.571,0.536,0.571,0.547,0.0,5
valdecoxib,0.528,0.056,0.008,0.506,0.422,0.677,5
valproic-acid,0.544,0.551,0.543,0.536,0.569,0.572,2
valrubicin,0.047,0.0,0.0,0.0,0.0,0.0,5
valsartan,0.552,0.568,0.04,0.356,0.484,0.663,5
vandetanib,0.558,0.576,0.483,0.554,0.494,0.677,5
vanoxerine,0.036,0.007,0.016,0.0,0.018,0.634,5
vardenafil,0.009,0.462,0.366,0.554,0.24,0.626,5
varenicline,0.36,0.579,0.543,0.004,0.262,0.677,5
varespladib,0.576,0.579,0.544,0.553,0.492,0.69,5
veliparib,0.006,0.371,0.421,0.576,0.483,0.023,5
vemurafenib,0.555,0.555,0.528,0.565,0.48,0.099,5
venlafaxine,0.259,0.587,0.549,0.001,0.496,0.452,5
verapamil,0.197,0.577,0.001,0.551,0.484,0.677,5
vgx-1027,0.0,0.0,0.001,0.002,0.476,0.601,5
vicriviroc,0.54,0.563,0.556,0.569,0.481,0.0,5
vidarabine,0.369,0.575,0.0,0.553,0.0,0.0,5
vilazodone,0.018,0.018,0.732,0.0,0.471,0.687,5
vinpocetine,0.55,0.466,0.023,0.135,0.201,0.659,5
vismodegib,0.611,0.604,0.517,0.554,0.483,0.386,5
voglibose,0.552,0.586,0.246,0.237,0.318,0.207,5
volasertib,0.0,0.0,0.0,0.0,0.0,0.0,5
voreloxin,0.552,0.576,0.479,0.562,0.496,0.351,5
voriconazole,0.55,0.564,0.532,0.344,0.428,0.662,5
vortioxetine,0.17,0.581,0.079,0.282,0.497,0.087,5
voxtalisib,0.553,0.398,0.536,0.37,0.042,0.0,5
vt-464,0.551,0.427,0.001,0.039,0.0,0.515,5
vtp-27999,0.552,0.569,0.361,0.546,0.432,0.158,5
vx-222,0.551,0.0,0.536,0.564,0.013,0.627,5
vx-661,0.575,0.576,0.406,0.487,0.331,0.647,5
vx-765,0.52,0.518,0.003,0.572,0.038,0.682,5
vx-809,0.55,0.308,0.262,0.339,0.476,0.662,5
xaliproden,0.553,0.539,0.523,0.551,0.479,0.679,5
xbd173,0.11,0.418,0.471,0.551,0.482,0.63,5
xl888,0.474,0.578,0.536,0.545,0.483,0.589,5
yohimbine,0.486,0.259,0.541,0.473,0.139,0.547,5
z160,0.539,0.573,0.515,0.554,0.0,0.004,5
zafirlukast,0.259,0.575,0.343,0.545,0.496,0.677,5
zalcitabine,0.551,0.567,0.023,0.546,0.0,0.644,5
zaldaride,0.55,0.314,0.08,0.109,0.067,0.675,5
zaleplon,0.384,0.559,0.088,0.531,0.143,0.628,5
zaprinast,0.0,0.571,0.124,0.546,0.473,0.431,5
zardaverine,0.476,0.52,0.455,0.503,0.433,0.501,2
zd-7114,0.0,0.0,0.008,0.551,0.486,0.656,5
zidovudine,0.526,0.527,0.528,0.556,0.179,0.675,5
ziprasidone,0.0,0.571,0.519,0.605,0.134,0.341,5
zk-200775,0.0,0.001,0.557,0.551,0.476,0.557,5
zk811752,0.562,0.567,0.48,0.0,0.0,0.0,5
zofenopril-calcium,0.053,0.584,0.543,0.543,0.384,0.706,5
zolpidem,0.535,0.559,0.542,0.0,0.497,0.004,5
zonisamide,0.552,0.456,0.333,0.544,0.406,0.522,5
zosuquidar,0.552,0.581,0.126,0.553,0.499,0.639,5
